date,ticker,close,volume,synthetic
2024-11-20,NVDA,100.4187,19648215,True
2024-11-21,NVDA,98.858,17620775,True
2024-11-22,NVDA,96.3356,23207235,True
2024-11-25,NVDA,95.9701,26910287,True
2024-11-26,NVDA,95.1301,18941466,True
2024-11-27,NVDA,95.82,24106289,True
2024-11-28,NVDA,96.2215,21681155,True
2024-11-29,NVDA,95.7326,44966816,True
2024-12-02,NVDA,95.4378,18590979,True
2024-12-03,NVDA,93.7939,31370227,True
2024-12-04,NVDA,93.1279,21905326,True
2024-12-05,NVDA,92.2252,21501568,True
2024-12-06,NVDA,93.0698,26581956,True
2024-12-09,NVDA,92.1065,27752169,True
2024-12-10,NVDA,92.3198,30464750,True
2024-12-11,NVDA,91.3635,24094396,True
2024-12-12,NVDA,90.9622,19100553,True
2024-12-13,NVDA,90.8209,19402556,True
2024-12-16,NVDA,87.3993,25209721,True
2024-12-17,NVDA,88.6126,25662771,True
2024-12-18,NVDA,87.0119,31479266,True
2024-12-19,NVDA,85.4836,24641302,True
2024-12-20,NVDA,85.0383,28929402,True
2024-12-23,NVDA,85.2007,32427575,True
2024-12-24,NVDA,87.9511,23127364,True
2024-12-25,NVDA,86.6455,15308783,True
2024-12-26,NVDA,83.0528,16527028,True
2024-12-27,NVDA,82.1681,15492649,True
2024-12-30,NVDA,81.5472,33039835,True
2024-12-31,NVDA,82.326,17956716,True
2025-01-01,NVDA,82.0426,30198032,True
2025-01-02,NVDA,82.4828,25693790,True
2025-01-03,NVDA,82.3436,34077374,True
2025-01-06,NVDA,79.76,28519550,True
2025-01-07,NVDA,81.4608,21633084,True
2025-01-08,NVDA,82.7242,21111306,True
2025-01-09,NVDA,84.3204,22671492,True
2025-01-10,NVDA,84.644,23187923,True
2025-01-13,NVDA,84.2687,19436067,True
2025-01-14,NVDA,84.3462,22013575,True
2025-01-15,NVDA,84.2406,33186607,True
2025-01-16,NVDA,83.3022,14501930,True
2025-01-17,NVDA,81.0829,23675444,True
2025-01-20,NVDA,81.8323,17691391,True
2025-01-21,NVDA,83.7274,23256290,True
2025-01-22,NVDA,81.3109,27379110,True
2025-01-23,NVDA,80.9681,21876518,True
2025-01-24,NVDA,80.6092,26925212,True
2025-01-27,NVDA,79.0277,14914837,True
2025-01-28,NVDA,80.1896,29270016,True
2025-01-29,NVDA,80.2294,19087507,True
2025-01-30,NVDA,79.3829,25930461,True
2025-01-31,NVDA,79.1597,23229625,True
2025-02-03,NVDA,78.8875,11628114,True
2025-02-04,NVDA,79.7278,18371496,True
2025-02-05,NVDA,78.6455,23451711,True
2025-02-06,NVDA,77.7997,32730599,True
2025-02-07,NVDA,76.0374,23846404,True
2025-02-10,NVDA,79.864,23670755,True
2025-02-11,NVDA,81.0946,15590244,True
2025-02-12,NVDA,83.3888,31740804,True
2025-02-13,NVDA,82.7973,34868562,True
2025-02-14,NVDA,83.8015,22352991,True
2025-02-17,NVDA,82.918,21007449,True
2025-02-18,NVDA,84.2315,14806317,True
2025-02-19,NVDA,84.6195,27678242,True
2025-02-20,NVDA,82.9252,43614349,True
2025-02-21,NVDA,84.1313,26551723,True
2025-02-24,NVDA,81.7515,30439535,True
2025-02-25,NVDA,83.0162,25414965,True
2025-02-26,NVDA,84.5906,17349477,True
2025-02-27,NVDA,81.3506,30999917,True
2025-02-28,NVDA,80.0518,16300123,True
2025-03-03,NVDA,80.3755,21055254,True
2025-03-04,NVDA,82.8227,23796281,True
2025-03-05,NVDA,81.501,27675396,True
2025-03-06,NVDA,81.2566,24626246,True
2025-03-07,NVDA,78.2098,24447427,True
2025-03-10,NVDA,79.706,18346601,True
2025-03-11,NVDA,80.8333,16078348,True
2025-03-12,NVDA,80.3991,22537634,True
2025-03-13,NVDA,78.9775,18583381,True
2025-03-14,NVDA,79.433,16004500,True
2025-03-17,NVDA,80.162,16172783,True
2025-03-18,NVDA,80.1247,19634422,True
2025-03-19,NVDA,78.6968,13966640,True
2025-03-20,NVDA,79.0521,15846508,True
2025-03-21,NVDA,75.9882,14746889,True
2025-03-24,NVDA,77.736,23228529,True
2025-03-25,NVDA,77.7924,24577034,True
2025-03-26,NVDA,76.8278,36656898,True
2025-03-27,NVDA,78.4677,15263035,True
2025-03-28,NVDA,77.2238,18726078,True
2025-03-31,NVDA,77.0334,27881663,True
2025-04-01,NVDA,76.7548,21023123,True
2025-04-02,NVDA,79.1916,20451718,True
2025-04-03,NVDA,80.7367,34025451,True
2025-04-04,NVDA,80.6165,20393471,True
2025-04-07,NVDA,78.8845,16622674,True
2025-04-08,NVDA,77.7287,15967914,True
2025-04-09,NVDA,76.4835,24136855,True
2025-04-10,NVDA,75.4783,23953795,True
2025-04-11,NVDA,75.603,15750794,True
2025-04-14,NVDA,76.277,17347828,True
2025-04-15,NVDA,75.7096,25368152,True
2025-04-16,NVDA,75.2163,25639473,True
2025-04-17,NVDA,75.6743,18897145,True
2025-04-18,NVDA,75.5332,25929217,True
2025-04-21,NVDA,74.5141,25604805,True
2025-04-22,NVDA,74.5644,14211421,True
2025-04-23,NVDA,75.1984,20528218,True
2025-04-24,NVDA,75.9926,24620951,True
2025-04-25,NVDA,76.3705,19231459,True
2025-04-28,NVDA,76.8562,13001742,True
2025-04-29,NVDA,77.7607,20677842,True
2025-04-30,NVDA,76.2711,26784936,True
2025-05-01,NVDA,76.1435,32947578,True
2025-05-02,NVDA,74.7232,12834292,True
2025-05-05,NVDA,76.9167,42655094,True
2025-05-06,NVDA,76.8867,16743871,True
2025-05-07,NVDA,75.4598,28192587,True
2025-05-08,NVDA,74.3469,30215828,True
2025-05-09,NVDA,74.727,28376765,True
2025-05-12,NVDA,73.4436,23039750,True
2025-05-13,NVDA,72.8802,16600983,True
2025-05-14,NVDA,72.4221,25957383,True
2025-05-15,NVDA,70.9295,18559988,True
2025-05-16,NVDA,71.7542,11812315,True
2025-05-19,NVDA,70.4333,45017038,True
2025-05-20,NVDA,70.9815,26491975,True
2025-05-21,NVDA,68.8151,34964584,True
2025-05-22,NVDA,70.0638,17670749,True
2025-05-23,NVDA,69.3235,32030612,True
2025-05-26,NVDA,68.6008,33025621,True
2025-05-27,NVDA,69.8529,32735292,True
2025-05-28,NVDA,69.1186,22076524,True
2025-05-29,NVDA,69.7479,16431510,True
2025-05-30,NVDA,69.0741,21231547,True
2025-06-02,NVDA,68.5223,12795891,True
2025-06-03,NVDA,66.9468,14502387,True
2025-06-04,NVDA,67.3377,22709902,True
2025-06-05,NVDA,67.1657,17321816,True
2025-06-06,NVDA,68.4022,21299948,True
2025-06-09,NVDA,68.0579,21597259,True
2025-06-10,NVDA,68.5721,35963270,True
2025-06-11,NVDA,66.5885,30698783,True
2025-06-12,NVDA,67.9006,21946292,True
2025-06-13,NVDA,69.1203,30025327,True
2025-06-16,NVDA,71.5066,18263199,True
2025-06-17,NVDA,71.4831,20401167,True
2025-06-18,NVDA,69.6358,27865029,True
2025-06-19,NVDA,70.0121,16271274,True
2025-06-20,NVDA,69.5854,20698706,True
2025-06-23,NVDA,67.1304,15952330,True
2025-06-24,NVDA,67.9354,22855333,True
2025-06-25,NVDA,66.4036,33379613,True
2025-06-26,NVDA,64.8758,18389726,True
2025-06-27,NVDA,63.3351,23483223,True
2025-06-30,NVDA,65.7039,17734039,True
2025-07-01,NVDA,65.2894,16650315,True
2025-07-02,NVDA,64.464,16294929,True
2025-07-03,NVDA,67.455,31928671,True
2025-07-04,NVDA,70.0335,40061879,True
2025-07-07,NVDA,70.2448,25042573,True
2025-07-08,NVDA,70.6995,18555071,True
2025-07-09,NVDA,68.8205,26470722,True
2025-07-10,NVDA,66.757,20414297,True
2025-07-11,NVDA,67.9907,27117139,True
2025-07-14,NVDA,68.3594,23868624,True
2025-07-15,NVDA,68.5858,23801352,True
2025-07-16,NVDA,68.573,25832551,True
2025-07-17,NVDA,67.0657,19200627,True
2025-07-18,NVDA,66.5113,20059932,True
2025-07-21,NVDA,65.3618,14432823,True
2025-07-22,NVDA,65.278,19872741,True
2025-07-23,NVDA,64.6677,15552683,True
2025-07-24,NVDA,65.4515,21405461,True
2025-07-25,NVDA,64.7637,17468664,True
2025-07-28,NVDA,65.4732,22762740,True
2025-07-29,NVDA,63.794,24856672,True
2025-07-30,NVDA,61.245,15561279,True
2025-07-31,NVDA,60.6092,18110585,True
2025-08-01,NVDA,59.6939,17531309,True
2025-08-04,NVDA,59.1037,26747466,True
2025-08-05,NVDA,59.0195,34001576,True
2025-08-06,NVDA,58.1723,27459180,True
2025-08-07,NVDA,59.035,20337402,True
2025-08-08,NVDA,58.1052,32010628,True
2025-08-11,NVDA,57.2062,15199909,True
2025-08-12,NVDA,56.4916,32286716,True
2025-08-13,NVDA,56.1671,18835866,True
2025-08-14,NVDA,57.399,11075584,True
2025-08-15,NVDA,58.8238,43056687,True
2025-08-18,NVDA,58.8948,32927960,True
2025-08-19,NVDA,59.8596,17147381,True
2025-08-20,NVDA,58.0611,23151707,True
2025-08-21,NVDA,58.9483,21035080,True
2025-08-22,NVDA,59.7879,22768353,True
2025-08-25,NVDA,60.516,15317481,True
2025-08-26,NVDA,62.6895,18717200,True
2025-08-27,NVDA,63.8334,24948325,True
2025-08-28,NVDA,63.3198,23464541,True
2025-08-29,NVDA,63.7169,29952895,True
2025-09-01,NVDA,65.5655,22640808,True
2025-09-02,NVDA,66.3692,39929755,True
2025-09-03,NVDA,66.9172,18557675,True
2025-09-04,NVDA,66.5642,23680442,True
2025-09-05,NVDA,65.7409,13745849,True
2025-09-08,NVDA,66.3703,16224672,True
2025-09-09,NVDA,67.427,30936845,True
2025-09-10,NVDA,68.4706,17533541,True
2025-09-11,NVDA,69.3134,25342559,True
2025-09-12,NVDA,67.4343,21853774,True
2025-09-15,NVDA,66.6562,17093173,True
2025-09-16,NVDA,66.9549,20343349,True
2025-09-17,NVDA,66.3071,19516455,True
2025-09-18,NVDA,65.5393,19647987,True
2025-09-19,NVDA,66.8172,26795084,True
2025-09-22,NVDA,67.6103,26125256,True
2025-09-23,NVDA,65.2038,19210556,True
2025-09-24,NVDA,63.7161,17690728,True
2025-09-25,NVDA,62.2348,23817026,True
2025-09-26,NVDA,60.2607,21645823,True
2025-09-29,NVDA,58.2308,28699709,True
2025-09-30,NVDA,59.3706,43105033,True
2025-10-01,NVDA,59.5876,27400122,True
2025-10-02,NVDA,59.6044,22002010,True
2025-10-03,NVDA,60.1403,21259532,True
2025-10-06,NVDA,60.9561,17915080,True
2025-10-07,NVDA,59.4919,17692630,True
2025-10-08,NVDA,60.948,17269855,True
2025-10-09,NVDA,60.6506,20105282,True
2025-10-10,NVDA,59.8965,19946037,True
2025-10-13,NVDA,59.6737,26728998,True
2025-10-14,NVDA,60.5595,20086875,True
2025-10-15,NVDA,59.0527,21124932,True
2025-10-16,NVDA,60.8296,16366685,True
2025-10-17,NVDA,58.6513,33480403,True
2025-10-20,NVDA,58.0234,25192919,True
2025-10-21,NVDA,56.756,34710237,True
2025-10-22,NVDA,56.92,27086564,True
2025-10-23,NVDA,57.1595,32208338,True
2025-10-24,NVDA,57.0565,20857101,True
2025-10-27,NVDA,57.7576,26552040,True
2025-10-28,NVDA,59.7449,43649550,True
2025-10-29,NVDA,60.4286,16345175,True
2025-10-30,NVDA,60.5026,29781387,True
2025-10-31,NVDA,58.7554,33930097,True
2025-11-03,NVDA,59.3941,24657923,True
2025-11-04,NVDA,58.2136,26872930,True
2025-11-05,NVDA,55.0488,30561009,True
2025-11-06,NVDA,54.4502,18769676,True
2025-11-07,NVDA,56.0633,24635027,True
2025-11-10,NVDA,55.8592,17775394,True
2025-11-11,NVDA,53.8162,18671618,True
2025-11-12,NVDA,53.6804,18952307,True
2025-11-13,NVDA,56.2008,21396969,True
2025-11-14,NVDA,55.0005,23040655,True
2025-11-17,NVDA,55.174,24917607,True
2025-11-18,NVDA,56.8573,15441971,True
2025-11-19,NVDA,57.7987,36837275,True
2025-11-20,NVDA,58.3014,29835490,True
2025-11-21,NVDA,58.8856,26727876,True
2025-11-24,NVDA,58.1713,20250587,True
2025-11-25,NVDA,57.1892,21693001,True
2025-11-26,NVDA,56.5954,25536479,True
2025-11-27,NVDA,57.3571,24659849,True
2025-11-28,NVDA,57.8373,14433483,True
2025-12-01,NVDA,56.3474,26833100,True
2025-12-02,NVDA,55.3584,46846592,True
2025-12-03,NVDA,55.2374,13825212,True
2025-12-04,NVDA,54.3395,28638036,True
2025-12-05,NVDA,54.3983,24396553,True
2025-12-08,NVDA,55.3609,21568039,True
2025-12-09,NVDA,55.1195,31549896,True
2025-12-10,NVDA,57.4754,16385836,True
2025-12-11,NVDA,58.583,23140634,True
2025-12-12,NVDA,56.9135,32307682,True
2025-12-15,NVDA,57.4711,21100394,True
2025-12-16,NVDA,58.5485,19935471,True
2025-12-17,NVDA,58.9947,22858217,True
2025-12-18,NVDA,57.4206,19798923,True
2025-12-19,NVDA,58.8981,33019839,True
2025-12-22,NVDA,59.1595,17581627,True
2025-12-23,NVDA,59.9306,27772580,True
2025-12-24,NVDA,59.5571,16089154,True
2025-12-25,NVDA,60.3799,26356356,True
2025-12-26,NVDA,62.7047,21603741,True
2025-12-29,NVDA,62.2493,11427536,True
2025-12-30,NVDA,63.2709,22159816,True
2025-12-31,NVDA,60.2084,16871409,True
2026-01-01,NVDA,60.2134,19798793,True
2026-01-02,NVDA,60.3012,32957021,True
2026-01-05,NVDA,59.9131,16654344,True
2026-01-06,NVDA,60.8228,16900256,True
2026-01-07,NVDA,61.4371,32137934,True
2026-01-08,NVDA,60.9703,22865188,True
2026-01-09,NVDA,60.1933,32983225,True
2026-01-12,NVDA,59.135,24118235,True
2026-01-13,NVDA,60.1765,17690897,True
2026-01-14,NVDA,61.0709,21818855,True
2026-01-15,NVDA,61.2798,30442768,True
2026-01-16,NVDA,60.5023,28266933,True
2026-01-19,NVDA,62.6092,22198933,True
2026-01-20,NVDA,63.2801,22473847,True
2026-01-21,NVDA,65.3392,21561111,True
2026-01-22,NVDA,67.4219,19127930,True
2026-01-23,NVDA,68.0026,36462572,True
2026-01-26,NVDA,66.062,22234934,True
2026-01-27,NVDA,63.9351,16594795,True
2026-01-28,NVDA,63.1603,19633003,True
2026-01-29,NVDA,62.8325,26749648,True
2026-01-30,NVDA,62.6182,26172421,True
2026-02-02,NVDA,61.2587,21425174,True
2026-02-03,NVDA,62.9803,18690252,True
2026-02-04,NVDA,61.5246,22330688,True
2026-02-05,NVDA,60.5984,14434836,True
2026-02-06,NVDA,60.308,15882304,True
2026-02-09,NVDA,59.8715,27253072,True
2026-02-10,NVDA,61.167,19621466,True
2026-02-11,NVDA,60.0196,24439174,True
2026-02-12,NVDA,59.5233,30355099,True
2026-02-13,NVDA,58.4551,26227133,True
2026-02-16,NVDA,57.6881,22311757,True
2026-02-17,NVDA,58.8287,38352198,True
2026-02-18,NVDA,60.2858,26349283,True
2026-02-19,NVDA,60.5056,20261069,True
2026-02-20,NVDA,60.0895,26788978,True
2026-02-23,NVDA,60.0355,24646946,True
2026-02-24,NVDA,62.7457,17811064,True
2026-02-25,NVDA,62.1705,22614022,True
2026-02-26,NVDA,61.8631,21272397,True
2026-02-27,NVDA,59.7971,13388930,True
2026-03-02,NVDA,59.3603,21231873,True
2026-03-03,NVDA,59.3631,20636318,True
2026-03-04,NVDA,57.2342,19829218,True
2026-03-05,NVDA,57.2252,14542017,True
2026-03-06,NVDA,56.6066,20260109,True
2026-03-09,NVDA,58.5038,21968637,True
2026-03-10,NVDA,58.9844,22783014,True
2026-03-11,NVDA,59.0129,16576341,True
2026-03-12,NVDA,59.7594,26111427,True
2026-03-13,NVDA,61.5303,16238720,True
2026-03-16,NVDA,59.4802,20953508,True
2026-03-17,NVDA,58.9092,31038583,True
2026-03-18,NVDA,58.0922,18576123,True
2026-03-19,NVDA,57.982,19463987,True
2026-03-20,NVDA,59.2182,29243421,True
2026-03-23,NVDA,61.3311,20108407,True
2026-03-24,NVDA,60.8999,20563183,True
2026-03-25,NVDA,60.0932,23491908,True
2026-03-26,NVDA,60.0816,29061700,True
2026-03-27,NVDA,62.0846,12599534,True
2026-03-30,NVDA,61.4838,17939833,True
2026-03-31,NVDA,62.1862,17134398,True
2026-04-01,NVDA,61.9927,16797213,True
2026-04-02,NVDA,62.1535,17820874,True
2026-04-03,NVDA,63.1471,17893353,True
2026-04-06,NVDA,63.3296,23977608,True
2026-04-07,NVDA,62.4145,17668518,True
2026-04-08,NVDA,62.9503,22901730,True
2026-04-09,NVDA,63.8702,24598157,True
2026-04-10,NVDA,62.6791,18408326,True
2026-04-13,NVDA,62.5133,22949253,True
2026-04-14,NVDA,60.7857,33757282,True
2026-04-15,NVDA,60.3521,24102844,True
2026-04-16,NVDA,59.5144,18851104,True
2026-04-17,NVDA,57.656,21827840,True
2026-04-20,NVDA,57.7345,17554860,True
2026-04-21,NVDA,57.9361,23786077,True
2026-04-22,NVDA,58.3349,27672210,True
2026-04-23,NVDA,58.0925,17999253,True
2026-04-24,NVDA,58.1618,21038002,True
2026-04-27,NVDA,57.9413,29492630,True
2026-04-28,NVDA,57.9134,19544520,True
2026-04-29,NVDA,57.8995,23285759,True
2026-04-30,NVDA,56.7992,17086414,True
2026-05-01,NVDA,55.7123,18004467,True
2026-05-04,NVDA,53.9419,19471475,True
2026-05-05,NVDA,53.5938,38240546,True
2026-05-06,NVDA,54.063,20036464,True
2026-05-07,NVDA,52.467,19439881,True
2026-05-08,NVDA,53.1574,19279030,True
2026-05-11,NVDA,53.3136,21293796,True
2026-05-12,NVDA,54.1712,26148685,True
2026-05-13,NVDA,54.4767,23270558,True
2026-05-14,NVDA,55.7063,37124237,True
2026-05-15,NVDA,55.8818,23412381,True
2026-05-18,NVDA,56.8821,31870073,True
2026-05-19,NVDA,57.8387,23783549,True
2026-05-20,NVDA,57.5112,25821610,True
2026-05-21,NVDA,57.9904,15470212,True
2026-05-22,NVDA,57.9043,21499969,True
2026-05-25,NVDA,57.5669,21814599,True
2026-05-26,NVDA,56.3363,20885959,True
2026-05-27,NVDA,57.1633,12956488,True
2026-05-28,NVDA,57.6093,27659589,True
2026-05-29,NVDA,57.3161,20146464,True
2026-06-01,NVDA,55.8073,19891620,True
2026-06-02,NVDA,54.9814,20822279,True
2026-06-03,NVDA,54.5224,20963788,True
2026-06-04,NVDA,55.2596,24571592,True
2026-06-05,NVDA,55.5304,16152233,True
2026-06-08,NVDA,55.97,17585168,True
2026-06-09,NVDA,57.0547,23866473,True
2026-06-10,NVDA,56.5572,23016517,True
2026-06-11,NVDA,56.2047,20199395,True
2026-06-12,NVDA,55.8208,19227437,True
2026-06-15,NVDA,57.2827,18015098,True
2026-06-16,NVDA,55.2501,21872444,True
2026-06-17,NVDA,55.2545,29814638,True
2026-06-18,NVDA,55.2951,17035573,True
2026-06-19,NVDA,57.3928,32480694,True
2026-06-22,NVDA,56.1992,27407364,True
2026-06-23,NVDA,55.079,19817699,True
2026-06-24,NVDA,51.6077,71733001,True
2026-06-25,NVDA,50.1784,40882673,True
2026-06-26,NVDA,47.7313,38255542,True
2026-06-29,NVDA,47.6999,42722966,True
2026-06-30,NVDA,46.1781,53236570,True
2024-11-20,AMD,97.869,18540429,True
2024-11-21,AMD,97.3736,31575454,True
2024-11-22,AMD,95.4043,16486713,True
2024-11-25,AMD,94.823,31241649,True
2024-11-26,AMD,93.1353,29593795,True
2024-11-27,AMD,92.0532,22775777,True
2024-11-28,AMD,91.0255,19251688,True
2024-11-29,AMD,90.3232,22028864,True
2024-12-02,AMD,89.6262,26236551,True
2024-12-03,AMD,89.4603,28070648,True
2024-12-04,AMD,90.4053,25045386,True
2024-12-05,AMD,89.352,29874162,True
2024-12-06,AMD,88.1125,20279311,True
2024-12-09,AMD,86.3843,24719786,True
2024-12-10,AMD,86.1196,15750520,True
2024-12-11,AMD,83.8675,28215360,True
2024-12-12,AMD,84.0827,24221821,True
2024-12-13,AMD,83.9677,21011424,True
2024-12-16,AMD,80.9644,31166552,True
2024-12-17,AMD,80.4442,27711331,True
2024-12-18,AMD,79.7413,11528950,True
2024-12-19,AMD,79.2984,23545405,True
2024-12-20,AMD,79.9767,16203121,True
2024-12-23,AMD,79.9868,30435961,True
2024-12-24,AMD,82.2298,43433393,True
2024-12-25,AMD,82.7555,20477495,True
2024-12-26,AMD,81.2437,23750525,True
2024-12-27,AMD,82.0655,21893756,True
2024-12-30,AMD,81.7262,25448661,True
2024-12-31,AMD,82.3248,27387785,True
2025-01-01,AMD,80.4027,32161123,True
2025-01-02,AMD,80.2692,18212433,True
2025-01-03,AMD,80.3147,34531383,True
2025-01-06,AMD,77.9823,18468774,True
2025-01-07,AMD,79.2246,24983910,True
2025-01-08,AMD,79.0735,31143452,True
2025-01-09,AMD,79.9638,27861883,True
2025-01-10,AMD,78.095,18436200,True
2025-01-13,AMD,77.6474,19559849,True
2025-01-14,AMD,77.0869,20767248,True
2025-01-15,AMD,76.9672,23015492,True
2025-01-16,AMD,76.454,31053086,True
2025-01-17,AMD,72.685,16877932,True
2025-01-20,AMD,73.2791,26196747,True
2025-01-21,AMD,74.2912,27152061,True
2025-01-22,AMD,73.1697,26803488,True
2025-01-23,AMD,71.6249,26194159,True
2025-01-24,AMD,71.8512,34074162,True
2025-01-27,AMD,70.6689,26335345,True
2025-01-28,AMD,72.7733,28881454,True
2025-01-29,AMD,72.0653,26838743,True
2025-01-30,AMD,70.4875,36497292,True
2025-01-31,AMD,72.6812,14497970,True
2025-02-03,AMD,71.9684,32120261,True
2025-02-04,AMD,71.5937,21839105,True
2025-02-05,AMD,71.2624,21731887,True
2025-02-06,AMD,69.7753,18294321,True
2025-02-07,AMD,70.0775,14611165,True
2025-02-10,AMD,73.4357,21189084,True
2025-02-11,AMD,72.312,19631522,True
2025-02-12,AMD,71.2572,26377288,True
2025-02-13,AMD,71.927,16133442,True
2025-02-14,AMD,73.026,33343510,True
2025-02-17,AMD,73.0328,24951734,True
2025-02-18,AMD,74.8087,21910899,True
2025-02-19,AMD,73.3965,19523210,True
2025-02-20,AMD,72.9268,19147231,True
2025-02-21,AMD,71.9649,17574308,True
2025-02-24,AMD,69.3526,20345702,True
2025-02-25,AMD,70.1073,23347093,True
2025-02-26,AMD,70.4813,22300721,True
2025-02-27,AMD,70.5615,16368158,True
2025-02-28,AMD,69.5943,21812927,True
2025-03-03,AMD,68.8913,18646606,True
2025-03-04,AMD,71.0785,24262463,True
2025-03-05,AMD,71.3065,37155910,True
2025-03-06,AMD,71.8432,27254415,True
2025-03-07,AMD,70.094,21556553,True
2025-03-10,AMD,70.8741,15529463,True
2025-03-11,AMD,72.285,16367191,True
2025-03-12,AMD,71.5128,15291223,True
2025-03-13,AMD,69.9052,27950972,True
2025-03-14,AMD,70.3799,19253493,True
2025-03-17,AMD,71.26,23679505,True
2025-03-18,AMD,70.799,19954532,True
2025-03-19,AMD,69.6621,23849398,True
2025-03-20,AMD,68.6315,33094899,True
2025-03-21,AMD,67.5895,19643046,True
2025-03-24,AMD,68.1576,21407065,True
2025-03-25,AMD,69.4287,19055845,True
2025-03-26,AMD,69.9527,29008926,True
2025-03-27,AMD,69.1347,18038900,True
2025-03-28,AMD,68.6581,17561588,True
2025-03-31,AMD,69.9572,16478296,True
2025-04-01,AMD,70.3257,16392788,True
2025-04-02,AMD,72.2752,26224221,True
2025-04-03,AMD,72.1998,44311362,True
2025-04-04,AMD,71.6195,18176250,True
2025-04-07,AMD,70.9376,29572543,True
2025-04-08,AMD,68.93,24822155,True
2025-04-09,AMD,66.8487,17698045,True
2025-04-10,AMD,66.7339,21753724,True
2025-04-11,AMD,66.3036,21993142,True
2025-04-14,AMD,66.8055,19614800,True
2025-04-15,AMD,65.6921,37773643,True
2025-04-16,AMD,64.3876,14475097,True
2025-04-17,AMD,63.8515,25641675,True
2025-04-18,AMD,63.8051,25326239,True
2025-04-21,AMD,63.6306,20167165,True
2025-04-22,AMD,61.4955,24199587,True
2025-04-23,AMD,62.2894,29030909,True
2025-04-24,AMD,61.5145,24219150,True
2025-04-25,AMD,60.424,25875361,True
2025-04-28,AMD,60.8702,27720933,True
2025-04-29,AMD,60.2023,14026464,True
2025-04-30,AMD,58.7399,33735625,True
2025-05-01,AMD,59.4562,41204021,True
2025-05-02,AMD,58.2157,29789579,True
2025-05-05,AMD,58.746,30035380,True
2025-05-06,AMD,58.0159,16393716,True
2025-05-07,AMD,59.0472,22631727,True
2025-05-08,AMD,58.5688,19028710,True
2025-05-09,AMD,59.1223,20128995,True
2025-05-12,AMD,57.5034,29687292,True
2025-05-13,AMD,57.5273,19067488,True
2025-05-14,AMD,56.8005,22565779,True
2025-05-15,AMD,55.4855,14466197,True
2025-05-16,AMD,56.8359,22406517,True
2025-05-19,AMD,56.2816,23842365,True
2025-05-20,AMD,56.1878,19545837,True
2025-05-21,AMD,57.3285,19472207,True
2025-05-22,AMD,58.0363,37358691,True
2025-05-23,AMD,57.5489,17227790,True
2025-05-26,AMD,57.1029,17926958,True
2025-05-27,AMD,57.2501,19043146,True
2025-05-28,AMD,57.9136,31458355,True
2025-05-29,AMD,58.9106,39422845,True
2025-05-30,AMD,58.5572,25330364,True
2025-06-02,AMD,58.2456,19484716,True
2025-06-03,AMD,58.0998,20947656,True
2025-06-04,AMD,58.3697,30421906,True
2025-06-05,AMD,57.3961,18563418,True
2025-06-06,AMD,58.0666,33521818,True
2025-06-09,AMD,56.6331,33218416,True
2025-06-10,AMD,56.1974,23724585,True
2025-06-11,AMD,54.7059,27398612,True
2025-06-12,AMD,55.3949,28117618,True
2025-06-13,AMD,56.0762,34381286,True
2025-06-16,AMD,56.2683,17923217,True
2025-06-17,AMD,56.7822,31320130,True
2025-06-18,AMD,55.6633,21224430,True
2025-06-19,AMD,55.574,19240542,True
2025-06-20,AMD,54.4556,23917920,True
2025-06-23,AMD,52.6881,22095496,True
2025-06-24,AMD,52.9254,18212107,True
2025-06-25,AMD,51.6351,15636802,True
2025-06-26,AMD,50.5712,18419983,True
2025-06-27,AMD,50.5885,33516879,True
2025-06-30,AMD,52.4533,38076688,True
2025-07-01,AMD,52.9336,27425932,True
2025-07-02,AMD,52.4444,31357116,True
2025-07-03,AMD,52.7465,20486203,True
2025-07-04,AMD,54.7138,22866477,True
2025-07-07,AMD,54.2223,25019388,True
2025-07-08,AMD,54.726,17790017,True
2025-07-09,AMD,53.919,18200950,True
2025-07-10,AMD,53.5606,23885085,True
2025-07-11,AMD,54.6173,21517873,True
2025-07-14,AMD,55.2497,17869059,True
2025-07-15,AMD,55.6732,25676929,True
2025-07-16,AMD,56.052,21826832,True
2025-07-17,AMD,56.09,30093173,True
2025-07-18,AMD,55.984,23281629,True
2025-07-21,AMD,56.9016,21625718,True
2025-07-22,AMD,56.3603,24067880,True
2025-07-23,AMD,57.3973,22330735,True
2025-07-24,AMD,58.1985,19726213,True
2025-07-25,AMD,58.4707,21083080,True
2025-07-28,AMD,58.7641,28115320,True
2025-07-29,AMD,58.1462,27401261,True
2025-07-30,AMD,58.4897,32153356,True
2025-07-31,AMD,58.3539,15267271,True
2025-08-01,AMD,57.8531,21129860,True
2025-08-04,AMD,57.4341,21016672,True
2025-08-05,AMD,56.4095,24334692,True
2025-08-06,AMD,57.6364,20820135,True
2025-08-07,AMD,58.0902,20504905,True
2025-08-08,AMD,58.647,28352171,True
2025-08-11,AMD,57.1649,24373141,True
2025-08-12,AMD,56.9951,17415643,True
2025-08-13,AMD,57.2075,32543786,True
2025-08-14,AMD,59.0372,29908654,True
2025-08-15,AMD,58.8098,20195705,True
2025-08-18,AMD,59.1601,28696638,True
2025-08-19,AMD,60.0326,19397982,True
2025-08-20,AMD,58.457,30888516,True
2025-08-21,AMD,58.8287,22076243,True
2025-08-22,AMD,59.4112,19072533,True
2025-08-25,AMD,58.0466,21235701,True
2025-08-26,AMD,60.0392,19249831,True
2025-08-27,AMD,60.3612,24458915,True
2025-08-28,AMD,60.6967,24354976,True
2025-08-29,AMD,60.2419,23521399,True
2025-09-01,AMD,62.1148,20283464,True
2025-09-02,AMD,63.0458,9334240,True
2025-09-03,AMD,64.5706,23859173,True
2025-09-04,AMD,65.4748,14510917,True
2025-09-05,AMD,65.2576,24779258,True
2025-09-08,AMD,66.2492,30927888,True
2025-09-09,AMD,65.5275,24963912,True
2025-09-10,AMD,65.621,21149171,True
2025-09-11,AMD,66.7894,22286708,True
2025-09-12,AMD,65.8979,22549079,True
2025-09-15,AMD,66.3708,20320891,True
2025-09-16,AMD,66.1226,20146135,True
2025-09-17,AMD,65.9749,18503980,True
2025-09-18,AMD,65.5725,31374656,True
2025-09-19,AMD,66.3038,23221337,True
2025-09-22,AMD,65.7799,29607500,True
2025-09-23,AMD,63.8409,21899134,True
2025-09-24,AMD,63.2794,23736212,True
2025-09-25,AMD,62.5858,22339674,True
2025-09-26,AMD,61.3559,26171444,True
2025-09-29,AMD,60.4851,28663335,True
2025-09-30,AMD,62.3643,24751498,True
2025-10-01,AMD,63.7933,19697778,True
2025-10-02,AMD,63.875,19181982,True
2025-10-03,AMD,63.2786,35295395,True
2025-10-06,AMD,64.862,21735578,True
2025-10-07,AMD,64.5233,21675537,True
2025-10-08,AMD,65.1863,33623046,True
2025-10-09,AMD,64.5337,30597709,True
2025-10-10,AMD,64.5328,26640147,True
2025-10-13,AMD,65.8779,21096575,True
2025-10-14,AMD,66.6491,41982769,True
2025-10-15,AMD,67.8276,25718313,True
2025-10-16,AMD,67.8588,26727854,True
2025-10-17,AMD,67.8561,22335634,True
2025-10-20,AMD,67.1847,16368897,True
2025-10-21,AMD,67.5601,16697672,True
2025-10-22,AMD,67.5989,25808513,True
2025-10-23,AMD,67.6687,25710956,True
2025-10-24,AMD,68.1096,21954240,True
2025-10-27,AMD,69.8313,17392497,True
2025-10-28,AMD,70.1242,16257354,True
2025-10-29,AMD,71.7392,21477313,True
2025-10-30,AMD,70.7129,16198649,True
2025-10-31,AMD,69.6917,29185987,True
2025-11-03,AMD,70.1243,31097457,True
2025-11-04,AMD,68.684,47286196,True
2025-11-05,AMD,65.8497,29036081,True
2025-11-06,AMD,65.3816,20100556,True
2025-11-07,AMD,65.8572,18747185,True
2025-11-10,AMD,65.8607,9835790,True
2025-11-11,AMD,65.4684,20090309,True
2025-11-12,AMD,62.8865,22302893,True
2025-11-13,AMD,63.7875,29693010,True
2025-11-14,AMD,63.2247,27163113,True
2025-11-17,AMD,63.5585,27005682,True
2025-11-18,AMD,63.0153,24590662,True
2025-11-19,AMD,63.2906,27500038,True
2025-11-20,AMD,62.8607,33477041,True
2025-11-21,AMD,63.936,17863162,True
2025-11-24,AMD,63.6962,20793382,True
2025-11-25,AMD,62.882,16474718,True
2025-11-26,AMD,62.9199,34939743,True
2025-11-27,AMD,63.0069,32239008,True
2025-11-28,AMD,62.5334,28135466,True
2025-12-01,AMD,61.9404,17276065,True
2025-12-02,AMD,61.9246,24341825,True
2025-12-03,AMD,61.7413,21983672,True
2025-12-04,AMD,62.1156,23787652,True
2025-12-05,AMD,63.0812,22240842,True
2025-12-08,AMD,62.6016,26547831,True
2025-12-09,AMD,61.6721,21120622,True
2025-12-10,AMD,64.4937,28864212,True
2025-12-11,AMD,66.2702,24761959,True
2025-12-12,AMD,64.29,21664843,True
2025-12-15,AMD,64.0024,22668958,True
2025-12-16,AMD,64.6359,20880443,True
2025-12-17,AMD,64.2436,28572104,True
2025-12-18,AMD,62.4174,21782213,True
2025-12-19,AMD,62.9545,25095347,True
2025-12-22,AMD,62.2691,21133484,True
2025-12-23,AMD,62.4386,16081739,True
2025-12-24,AMD,63.0242,29238489,True
2025-12-25,AMD,63.5767,17893334,True
2025-12-26,AMD,65.2885,27625800,True
2025-12-29,AMD,65.7787,25893657,True
2025-12-30,AMD,66.5636,15408996,True
2025-12-31,AMD,64.283,18408076,True
2026-01-01,AMD,65.5446,20500201,True
2026-01-02,AMD,65.415,18987490,True
2026-01-05,AMD,67.4775,17347392,True
2026-01-06,AMD,68.7664,28049864,True
2026-01-07,AMD,67.8514,21956945,True
2026-01-08,AMD,67.0868,25671528,True
2026-01-09,AMD,67.7161,20933123,True
2026-01-12,AMD,67.5891,25160920,True
2026-01-13,AMD,68.85,19320605,True
2026-01-14,AMD,70.4828,23157777,True
2026-01-15,AMD,70.2394,26961807,True
2026-01-16,AMD,68.8691,23575972,True
2026-01-19,AMD,68.2909,20794370,True
2026-01-20,AMD,68.2969,17766119,True
2026-01-21,AMD,70.0088,24309521,True
2026-01-22,AMD,73.6518,25411358,True
2026-01-23,AMD,73.8306,21853695,True
2026-01-26,AMD,70.934,19233043,True
2026-01-27,AMD,69.295,26698453,True
2026-01-28,AMD,68.7041,43353719,True
2026-01-29,AMD,68.0214,21614067,True
2026-01-30,AMD,67.2383,25359280,True
2026-02-02,AMD,65.7982,25618330,True
2026-02-03,AMD,66.1478,12272287,True
2026-02-04,AMD,65.3186,24044961,True
2026-02-05,AMD,64.0183,19537392,True
2026-02-06,AMD,64.4293,32954633,True
2026-02-09,AMD,63.4666,21877603,True
2026-02-10,AMD,63.589,19193581,True
2026-02-11,AMD,61.992,22072556,True
2026-02-12,AMD,61.4855,24303008,True
2026-02-13,AMD,61.9066,20266787,True
2026-02-16,AMD,60.6769,23006900,True
2026-02-17,AMD,61.2759,16616894,True
2026-02-18,AMD,62.9055,22035317,True
2026-02-19,AMD,63.3609,28300461,True
2026-02-20,AMD,63.4031,38139593,True
2026-02-23,AMD,62.563,27815365,True
2026-02-24,AMD,65.3557,24951734,True
2026-02-25,AMD,66.0185,31340191,True
2026-02-26,AMD,66.0799,30076286,True
2026-02-27,AMD,64.1373,35336645,True
2026-03-02,AMD,63.6593,30557918,True
2026-03-03,AMD,63.4904,22634923,True
2026-03-04,AMD,64.0954,24867749,True
2026-03-05,AMD,64.4647,24379684,True
2026-03-06,AMD,64.7027,25140866,True
2026-03-09,AMD,66.1137,24508993,True
2026-03-10,AMD,66.8266,19170117,True
2026-03-11,AMD,66.8828,13777693,True
2026-03-12,AMD,67.8416,19708307,True
2026-03-13,AMD,68.2443,14047595,True
2026-03-16,AMD,68.2592,23711250,True
2026-03-17,AMD,68.8411,23338257,True
2026-03-18,AMD,67.7558,15333902,True
2026-03-19,AMD,66.9638,27688077,True
2026-03-20,AMD,68.1697,28953016,True
2026-03-23,AMD,69.1388,23877171,True
2026-03-24,AMD,66.5009,35370440,True
2026-03-25,AMD,66.7007,37221117,True
2026-03-26,AMD,66.2915,17243950,True
2026-03-27,AMD,66.9549,30208887,True
2026-03-30,AMD,67.3722,26027973,True
2026-03-31,AMD,67.2686,25881794,True
2026-04-01,AMD,66.6316,29446402,True
2026-04-02,AMD,66.94,19475707,True
2026-04-03,AMD,66.5241,20102954,True
2026-04-06,AMD,66.8795,18959248,True
2026-04-07,AMD,66.301,19302493,True
2026-04-08,AMD,66.6229,22744695,True
2026-04-09,AMD,67.2204,16216088,True
2026-04-10,AMD,68.4751,17948885,True
2026-04-13,AMD,69.5046,26932721,True
2026-04-14,AMD,68.6616,22901884,True
2026-04-15,AMD,68.1645,25653976,True
2026-04-16,AMD,67.2567,14536238,True
2026-04-17,AMD,66.7609,19163291,True
2026-04-20,AMD,66.9118,20289514,True
2026-04-21,AMD,68.9468,23502189,True
2026-04-22,AMD,68.3579,20133575,True
2026-04-23,AMD,68.1123,29437328,True
2026-04-24,AMD,66.8101,22974636,True
2026-04-27,AMD,65.3974,23411173,True
2026-04-28,AMD,65.7564,23390838,True
2026-04-29,AMD,67.623,27825593,True
2026-04-30,AMD,66.629,20719073,True
2026-05-01,AMD,66.4744,30863008,True
2026-05-04,AMD,65.261,26153277,True
2026-05-05,AMD,63.7059,24227033,True
2026-05-06,AMD,63.1804,23556316,True
2026-05-07,AMD,62.5961,26550162,True
2026-05-08,AMD,61.6908,30048350,True
2026-05-11,AMD,61.2624,29528082,True
2026-05-12,AMD,62.2071,25608515,True
2026-05-13,AMD,62.3679,29024478,True
2026-05-14,AMD,62.9098,24011897,True
2026-05-15,AMD,61.9648,31883302,True
2026-05-18,AMD,63.7686,23157258,True
2026-05-19,AMD,63.0125,13876198,True
2026-05-20,AMD,63.1765,32571267,True
2026-05-21,AMD,63.3675,23948906,True
2026-05-22,AMD,62.336,17395129,True
2026-05-25,AMD,60.9468,22184724,True
2026-05-26,AMD,61.4147,18690240,True
2026-05-27,AMD,63.3704,39409709,True
2026-05-28,AMD,62.9278,26400451,True
2026-05-29,AMD,62.6661,15749082,True
2026-06-01,AMD,61.6534,26722369,True
2026-06-02,AMD,61.3722,21100039,True
2026-06-03,AMD,62.8214,37643327,True
2026-06-04,AMD,62.3058,17917640,True
2026-06-05,AMD,62.5653,13292533,True
2026-06-08,AMD,61.9575,23698865,True
2026-06-09,AMD,63.839,21369251,True
2026-06-10,AMD,62.3556,21006112,True
2026-06-11,AMD,60.4038,13648779,True
2026-06-12,AMD,61.2522,25936784,True
2026-06-15,AMD,62.7352,35420691,True
2026-06-16,AMD,62.581,14464503,True
2026-06-17,AMD,62.8558,31242076,True
2026-06-18,AMD,62.7695,20222193,True
2026-06-19,AMD,64.3445,41938790,True
2026-06-22,AMD,64.6975,25996498,True
2026-06-23,AMD,64.2769,22242364,True
2026-06-24,AMD,60.181,113946127,True
2026-06-25,AMD,59.0894,98581876,True
2026-06-26,AMD,57.0761,74534815,True
2026-06-29,AMD,56.8327,103227425,True
2026-06-30,AMD,55.1965,76073985,True
2024-11-20,INTC,99.5713,32492726,True
2024-11-21,INTC,98.6761,26632250,True
2024-11-22,INTC,96.4187,27197437,True
2024-11-25,INTC,95.0983,17803652,True
2024-11-26,INTC,93.0214,26507013,True
2024-11-27,INTC,92.5752,18731101,True
2024-11-28,INTC,93.0907,29255507,True
2024-11-29,INTC,94.681,29694129,True
2024-12-02,INTC,93.2987,26975235,True
2024-12-03,INTC,92.8322,45152900,True
2024-12-04,INTC,93.9613,30913742,True
2024-12-05,INTC,92.773,31444517,True
2024-12-06,INTC,92.4145,28074071,True
2024-12-09,INTC,90.353,25818184,True
2024-12-10,INTC,90.524,34492716,True
2024-12-11,INTC,90.5495,35681451,True
2024-12-12,INTC,89.304,19569622,True
2024-12-13,INTC,88.4122,35265001,True
2024-12-16,INTC,85.5015,30806459,True
2024-12-17,INTC,83.6936,34447747,True
2024-12-18,INTC,82.2359,30441697,True
2024-12-19,INTC,81.1885,19849943,True
2024-12-20,INTC,80.128,20207210,True
2024-12-23,INTC,80.8239,42752011,True
2024-12-24,INTC,82.8966,28857634,True
2024-12-25,INTC,81.6176,19009801,True
2024-12-26,INTC,80.855,29556438,True
2024-12-27,INTC,80.008,24747827,True
2024-12-30,INTC,79.1571,17088660,True
2024-12-31,INTC,79.8879,15282701,True
2025-01-01,INTC,77.8877,18148754,True
2025-01-02,INTC,77.6416,28997706,True
2025-01-03,INTC,76.7234,26769161,True
2025-01-06,INTC,76.5805,25456695,True
2025-01-07,INTC,78.7174,29091270,True
2025-01-08,INTC,77.921,31486258,True
2025-01-09,INTC,80.1091,16016857,True
2025-01-10,INTC,80.1603,25127950,True
2025-01-13,INTC,80.0271,22027461,True
2025-01-14,INTC,79.3966,19904978,True
2025-01-15,INTC,80.3268,23628846,True
2025-01-16,INTC,81.7203,26273230,True
2025-01-17,INTC,79.4921,25347484,True
2025-01-20,INTC,78.5281,18832832,True
2025-01-21,INTC,81.7834,24010259,True
2025-01-22,INTC,78.9336,44845660,True
2025-01-23,INTC,78.5939,20814084,True
2025-01-24,INTC,75.6401,17769710,True
2025-01-27,INTC,75.162,29022720,True
2025-01-28,INTC,77.8264,31450838,True
2025-01-29,INTC,78.5765,30425456,True
2025-01-30,INTC,77.9152,20477755,True
2025-01-31,INTC,79.9654,34771300,True
2025-02-03,INTC,79.8727,22263210,True
2025-02-04,INTC,80.9487,20400297,True
2025-02-05,INTC,80.1543,23269633,True
2025-02-06,INTC,78.886,26366479,True
2025-02-07,INTC,78.9768,32388112,True
2025-02-10,INTC,82.1137,31665462,True
2025-02-11,INTC,80.1423,26940851,True
2025-02-12,INTC,80.8932,34209213,True
2025-02-13,INTC,80.3692,27650422,True
2025-02-14,INTC,79.9444,33894900,True
2025-02-17,INTC,79.418,19073528,True
2025-02-18,INTC,80.1516,18278492,True
2025-02-19,INTC,77.8618,32890988,True
2025-02-20,INTC,76.5144,19139380,True
2025-02-21,INTC,78.2396,25125639,True
2025-02-24,INTC,74.9223,26436428,True
2025-02-25,INTC,75.0879,23981456,True
2025-02-26,INTC,76.7997,24188957,True
2025-02-27,INTC,75.0521,38375730,True
2025-02-28,INTC,72.7218,14394817,True
2025-03-03,INTC,72.1884,33792436,True
2025-03-04,INTC,74.3551,48089395,True
2025-03-05,INTC,73.5223,27253031,True
2025-03-06,INTC,73.1875,26964600,True
2025-03-07,INTC,71.2586,32487691,True
2025-03-10,INTC,72.6625,42797609,True
2025-03-11,INTC,74.0088,20130908,True
2025-03-12,INTC,73.8181,27693311,True
2025-03-13,INTC,72.0519,25860442,True
2025-03-14,INTC,71.9959,31159336,True
2025-03-17,INTC,73.0482,28192762,True
2025-03-18,INTC,74.231,31950310,True
2025-03-19,INTC,72.1198,24382372,True
2025-03-20,INTC,71.6325,27426759,True
2025-03-21,INTC,69.8899,22912509,True
2025-03-24,INTC,69.6824,22947201,True
2025-03-25,INTC,70.3663,26150901,True
2025-03-26,INTC,70.3693,26147828,True
2025-03-27,INTC,70.5395,20209396,True
2025-03-28,INTC,69.858,40116318,True
2025-03-31,INTC,69.557,26193141,True
2025-04-01,INTC,69.5375,19169939,True
2025-04-02,INTC,71.2691,35682210,True
2025-04-03,INTC,71.8977,22470377,True
2025-04-04,INTC,72.9782,30763808,True
2025-04-07,INTC,70.2517,26977801,True
2025-04-08,INTC,67.6226,28844596,True
2025-04-09,INTC,67.2232,28276296,True
2025-04-10,INTC,66.4724,23464218,True
2025-04-11,INTC,68.171,27371578,True
2025-04-14,INTC,69.6182,45039578,True
2025-04-15,INTC,68.8113,15484927,True
2025-04-16,INTC,68.9451,27543260,True
2025-04-17,INTC,68.6792,30205196,True
2025-04-18,INTC,67.8484,20825969,True
2025-04-21,INTC,69.2408,19234039,True
2025-04-22,INTC,68.7358,46478859,True
2025-04-23,INTC,69.6856,24689860,True
2025-04-24,INTC,70.1756,45559419,True
2025-04-25,INTC,71.0243,30975898,True
2025-04-28,INTC,71.2372,27613474,True
2025-04-29,INTC,71.3027,30516308,True
2025-04-30,INTC,69.8141,31754040,True
2025-05-01,INTC,68.0765,36385939,True
2025-05-02,INTC,68.1555,30211497,True
2025-05-05,INTC,69.8377,28090214,True
2025-05-06,INTC,68.9839,28313549,True
2025-05-07,INTC,69.3369,37987111,True
2025-05-08,INTC,69.1846,33231913,True
2025-05-09,INTC,68.5197,21089245,True
2025-05-12,INTC,67.9861,23112218,True
2025-05-13,INTC,67.4599,29428271,True
2025-05-14,INTC,67.4888,23185759,True
2025-05-15,INTC,66.1224,24659120,True
2025-05-16,INTC,67.1736,21333715,True
2025-05-19,INTC,66.415,25377371,True
2025-05-20,INTC,66.7466,30119581,True
2025-05-21,INTC,65.5068,34745810,True
2025-05-22,INTC,66.569,27155411,True
2025-05-23,INTC,68.2401,45512231,True
2025-05-26,INTC,66.5093,26580164,True
2025-05-27,INTC,67.7272,60197113,True
2025-05-28,INTC,68.3589,34802235,True
2025-05-29,INTC,69.4047,30675037,True
2025-05-30,INTC,69.9017,23915103,True
2025-06-02,INTC,68.7983,13371761,True
2025-06-03,INTC,68.7792,26062192,True
2025-06-04,INTC,68.2924,28327220,True
2025-06-05,INTC,67.1623,43810867,True
2025-06-06,INTC,68.0139,19188885,True
2025-06-09,INTC,67.5637,43629791,True
2025-06-10,INTC,67.9065,25443428,True
2025-06-11,INTC,68.3605,32468903,True
2025-06-12,INTC,70.3053,14357996,True
2025-06-13,INTC,71.6356,28051053,True
2025-06-16,INTC,72.447,24861877,True
2025-06-17,INTC,72.1693,32132756,True
2025-06-18,INTC,69.7643,27717803,True
2025-06-19,INTC,69.8223,20362779,True
2025-06-20,INTC,68.5296,34329859,True
2025-06-23,INTC,66.3908,32230905,True
2025-06-24,INTC,66.2734,31451939,True
2025-06-25,INTC,64.4213,34865487,True
2025-06-26,INTC,61.7424,35677151,True
2025-06-27,INTC,59.9686,26945483,True
2025-06-30,INTC,62.1704,19295159,True
2025-07-01,INTC,61.5866,19163894,True
2025-07-02,INTC,61.8042,37966584,True
2025-07-03,INTC,63.8962,32358620,True
2025-07-04,INTC,65.7041,27792770,True
2025-07-07,INTC,65.1557,24303163,True
2025-07-08,INTC,63.8833,27307404,True
2025-07-09,INTC,64.303,27261273,True
2025-07-10,INTC,63.5505,24905257,True
2025-07-11,INTC,64.2185,22748799,True
2025-07-14,INTC,63.6853,46541659,True
2025-07-15,INTC,64.1195,28685982,True
2025-07-16,INTC,62.9827,23285188,True
2025-07-17,INTC,62.3129,19565214,True
2025-07-18,INTC,62.4808,22597633,True
2025-07-21,INTC,62.9427,32433772,True
2025-07-22,INTC,62.2786,32748741,True
2025-07-23,INTC,62.8395,25653505,True
2025-07-24,INTC,63.313,27445336,True
2025-07-25,INTC,63.0223,25103455,True
2025-07-28,INTC,63.1484,20538671,True
2025-07-29,INTC,61.9637,37513098,True
2025-07-30,INTC,61.028,29738051,True
2025-07-31,INTC,60.4344,50317725,True
2025-08-01,INTC,62.14,22426112,True
2025-08-04,INTC,61.7799,26177107,True
2025-08-05,INTC,62.0323,33784805,True
2025-08-06,INTC,61.1278,25482576,True
2025-08-07,INTC,61.9865,19150806,True
2025-08-08,INTC,61.1351,21371349,True
2025-08-11,INTC,59.1834,27783883,True
2025-08-12,INTC,58.7805,29521252,True
2025-08-13,INTC,58.9253,26459553,True
2025-08-14,INTC,58.9634,34818187,True
2025-08-15,INTC,60.0382,34725003,True
2025-08-18,INTC,59.4607,29369695,True
2025-08-19,INTC,60.3908,27275574,True
2025-08-20,INTC,59.5323,25432948,True
2025-08-21,INTC,60.4258,31094311,True
2025-08-22,INTC,60.1971,34095829,True
2025-08-25,INTC,61.4452,27506430,True
2025-08-26,INTC,63.9554,30318805,True
2025-08-27,INTC,63.5818,24982868,True
2025-08-28,INTC,63.6951,19036938,True
2025-08-29,INTC,63.086,21094872,True
2025-09-01,INTC,63.2713,32809237,True
2025-09-02,INTC,64.6373,30296111,True
2025-09-03,INTC,65.4437,40318967,True
2025-09-04,INTC,64.4803,27475459,True
2025-09-05,INTC,64.2573,33631463,True
2025-09-08,INTC,65.888,37713677,True
2025-09-09,INTC,64.9611,34739631,True
2025-09-10,INTC,64.7131,23269229,True
2025-09-11,INTC,67.2169,25871116,True
2025-09-12,INTC,66.4176,27986207,True
2025-09-15,INTC,65.9847,21174580,True
2025-09-16,INTC,65.1438,30503478,True
2025-09-17,INTC,64.0004,34997118,True
2025-09-18,INTC,62.9394,24024037,True
2025-09-19,INTC,63.1748,44363060,True
2025-09-22,INTC,63.1508,25193540,True
2025-09-23,INTC,61.4988,25752433,True
2025-09-24,INTC,61.2478,25526034,True
2025-09-25,INTC,61.0173,22696247,True
2025-09-26,INTC,59.7559,30076169,True
2025-09-29,INTC,58.5638,27228795,True
2025-09-30,INTC,57.7941,41042641,True
2025-10-01,INTC,58.0422,31534938,True
2025-10-02,INTC,57.1583,30990818,True
2025-10-03,INTC,56.1288,25633091,True
2025-10-06,INTC,55.9818,19024172,True
2025-10-07,INTC,54.6128,26493323,True
2025-10-08,INTC,54.6985,21904577,True
2025-10-09,INTC,53.7342,34371558,True
2025-10-10,INTC,53.5886,26887402,True
2025-10-13,INTC,53.5456,41087515,True
2025-10-14,INTC,54.6696,32560379,True
2025-10-15,INTC,54.1399,33386532,True
2025-10-16,INTC,54.2256,28701026,True
2025-10-17,INTC,53.7415,28543712,True
2025-10-20,INTC,54.939,31899387,True
2025-10-21,INTC,53.55,34121777,True
2025-10-22,INTC,54.5134,22683233,True
2025-10-23,INTC,55.4759,30640993,True
2025-10-24,INTC,56.1439,52171710,True
2025-10-27,INTC,56.4064,26492087,True
2025-10-28,INTC,58.8367,25416097,True
2025-10-29,INTC,60.8888,22786109,True
2025-10-30,INTC,60.7894,18861589,True
2025-10-31,INTC,59.4065,36470007,True
2025-11-03,INTC,60.3236,27508910,True
2025-11-04,INTC,59.0772,29200198,True
2025-11-05,INTC,56.447,42968924,True
2025-11-06,INTC,57.037,50732458,True
2025-11-07,INTC,57.697,21696091,True
2025-11-10,INTC,56.6395,35265608,True
2025-11-11,INTC,55.549,31665569,True
2025-11-12,INTC,54.6747,29939141,True
2025-11-13,INTC,56.4224,30546902,True
2025-11-14,INTC,55.4748,26947327,True
2025-11-17,INTC,56.1304,40329749,True
2025-11-18,INTC,56.5592,31608646,True
2025-11-19,INTC,58.0917,29548295,True
2025-11-20,INTC,57.6432,37026158,True
2025-11-21,INTC,58.4568,33921138,True
2025-11-24,INTC,57.9393,30415943,True
2025-11-25,INTC,56.1458,29419489,True
2025-11-26,INTC,55.4816,42050954,True
2025-11-27,INTC,56.4425,30794750,True
2025-11-28,INTC,56.8371,26509755,True
2025-12-01,INTC,55.2619,21882373,True
2025-12-02,INTC,55.5568,24877595,True
2025-12-03,INTC,56.0781,20853950,True
2025-12-04,INTC,56.3314,27851395,True
2025-12-05,INTC,56.0201,28911163,True
2025-12-08,INTC,56.3178,16236958,True
2025-12-09,INTC,56.5086,27236219,True
2025-12-10,INTC,58.0573,31888517,True
2025-12-11,INTC,58.4117,28264046,True
2025-12-12,INTC,57.3088,21354909,True
2025-12-15,INTC,58.9193,37230374,True
2025-12-16,INTC,59.391,22778890,True
2025-12-17,INTC,57.678,19942069,True
2025-12-18,INTC,55.9555,20691546,True
2025-12-19,INTC,55.8914,27011736,True
2025-12-22,INTC,56.0188,34660989,True
2025-12-23,INTC,57.5448,36279868,True
2025-12-24,INTC,57.4084,28567932,True
2025-12-25,INTC,58.1134,20114034,True
2025-12-26,INTC,60.2307,23002381,True
2025-12-29,INTC,59.6264,21656933,True
2025-12-30,INTC,59.8012,25923134,True
2025-12-31,INTC,57.1194,17394868,True
2026-01-01,INTC,60.2467,27867360,True
2026-01-02,INTC,61.3448,31845774,True
2026-01-05,INTC,61.693,26110876,True
2026-01-06,INTC,61.923,30405294,True
2026-01-07,INTC,61.534,21432464,True
2026-01-08,INTC,59.6003,18837578,True
2026-01-09,INTC,59.2267,23109979,True
2026-01-12,INTC,58.232,36190015,True
2026-01-13,INTC,58.6855,35057682,True
2026-01-14,INTC,59.0454,24174011,True
2026-01-15,INTC,58.7251,36613805,True
2026-01-16,INTC,56.5537,24984291,True
2026-01-19,INTC,56.204,39544883,True
2026-01-20,INTC,55.9682,30572725,True
2026-01-21,INTC,57.4737,24202461,True
2026-01-22,INTC,59.7232,33057688,True
2026-01-23,INTC,59.4122,22325911,True
2026-01-26,INTC,58.8635,21444241,True
2026-01-27,INTC,57.8627,18852202,True
2026-01-28,INTC,57.169,28902115,True
2026-01-29,INTC,56.2025,26735141,True
2026-01-30,INTC,55.2651,26575514,True
2026-02-02,INTC,54.5239,24454287,True
2026-02-03,INTC,55.4697,38812399,True
2026-02-04,INTC,54.8688,24370347,True
2026-02-05,INTC,54.6038,22610524,True
2026-02-06,INTC,54.2051,36995514,True
2026-02-09,INTC,53.3684,38651653,True
2026-02-10,INTC,53.483,29487997,True
2026-02-11,INTC,53.37,17536100,True
2026-02-12,INTC,53.6134,23320687,True
2026-02-13,INTC,53.4847,31579064,True
2026-02-16,INTC,53.1386,27213127,True
2026-02-17,INTC,54.1527,39956345,True
2026-02-18,INTC,55.586,19250556,True
2026-02-19,INTC,55.8523,32100251,True
2026-02-20,INTC,56.7591,23161937,True
2026-02-23,INTC,56.8574,37713908,True
2026-02-24,INTC,58.9844,26588781,True
2026-02-25,INTC,59.7978,35055413,True
2026-02-26,INTC,60.3488,23043559,True
2026-02-27,INTC,59.4954,19046700,True
2026-03-02,INTC,60.1513,20525598,True
2026-03-03,INTC,58.4534,23279981,True
2026-03-04,INTC,57.3583,20969420,True
2026-03-05,INTC,56.1483,36575694,True
2026-03-06,INTC,56.1938,37863826,True
2026-03-09,INTC,56.9948,29006798,True
2026-03-10,INTC,58.3661,20920296,True
2026-03-11,INTC,57.9006,26302813,True
2026-03-12,INTC,57.9696,22823135,True
2026-03-13,INTC,59.5238,38969809,True
2026-03-16,INTC,58.9591,29319548,True
2026-03-17,INTC,58.9065,30619214,True
2026-03-18,INTC,59.7974,24516535,True
2026-03-19,INTC,60.2679,16386178,True
2026-03-20,INTC,61.9425,22342373,True
2026-03-23,INTC,63.1876,20493557,True
2026-03-24,INTC,62.6723,29720359,True
2026-03-25,INTC,62.3075,27754657,True
2026-03-26,INTC,61.386,22172699,True
2026-03-27,INTC,62.4817,24584505,True
2026-03-30,INTC,61.1462,40080414,True
2026-03-31,INTC,61.0513,21315464,True
2026-04-01,INTC,61.2374,21537165,True
2026-04-02,INTC,61.1519,25589523,True
2026-04-03,INTC,61.0439,22748162,True
2026-04-06,INTC,62.5959,24339042,True
2026-04-07,INTC,60.472,30942504,True
2026-04-08,INTC,60.885,41776109,True
2026-04-09,INTC,63.042,17363931,True
2026-04-10,INTC,61.2172,26969524,True
2026-04-13,INTC,61.1629,27374946,True
2026-04-14,INTC,60.023,26530249,True
2026-04-15,INTC,58.0158,25854660,True
2026-04-16,INTC,58.3019,24882779,True
2026-04-17,INTC,55.0347,34824348,True
2026-04-20,INTC,56.1,24118621,True
2026-04-21,INTC,57.7571,26244058,True
2026-04-22,INTC,58.4751,27092046,True
2026-04-23,INTC,58.2397,27830777,True
2026-04-24,INTC,58.1662,25959890,True
2026-04-27,INTC,56.354,34781306,True
2026-04-28,INTC,56.8568,27034096,True
2026-04-29,INTC,57.0437,28297793,True
2026-04-30,INTC,56.3569,26746545,True
2026-05-01,INTC,56.7964,21083958,True
2026-05-04,INTC,55.0955,22016161,True
2026-05-05,INTC,53.8107,20837762,True
2026-05-06,INTC,54.2233,28429597,True
2026-05-07,INTC,52.7592,22666663,True
2026-05-08,INTC,53.737,20778558,True
2026-05-11,INTC,53.3787,28754523,True
2026-05-12,INTC,53.4977,30892904,True
2026-05-13,INTC,54.1395,17445230,True
2026-05-14,INTC,55.019,41334058,True
2026-05-15,INTC,54.6199,27312347,True
2026-05-18,INTC,55.2234,26389778,True
2026-05-19,INTC,54.9829,35373480,True
2026-05-20,INTC,54.5819,27569820,True
2026-05-21,INTC,53.9173,23296517,True
2026-05-22,INTC,53.6554,46895053,True
2026-05-25,INTC,52.9613,20711097,True
2026-05-26,INTC,53.2296,26439613,True
2026-05-27,INTC,53.7153,33483986,True
2026-05-28,INTC,53.637,20735707,True
2026-05-29,INTC,52.9252,26410498,True
2026-06-01,INTC,51.4434,29841792,True
2026-06-02,INTC,51.4391,49386664,True
2026-06-03,INTC,52.7431,21673044,True
2026-06-04,INTC,53.3771,26771909,True
2026-06-05,INTC,53.399,31942754,True
2026-06-08,INTC,53.5585,27647351,True
2026-06-09,INTC,54.2472,20056570,True
2026-06-10,INTC,53.1891,30003104,True
2026-06-11,INTC,53.5393,27831155,True
2026-06-12,INTC,55.1413,30285722,True
2026-06-15,INTC,56.3773,35950217,True
2026-06-16,INTC,54.325,34902822,True
2026-06-17,INTC,55.728,30000354,True
2026-06-18,INTC,55.8463,29280306,True
2026-06-19,INTC,56.9934,20586812,True
2026-06-22,INTC,56.894,26198178,True
2026-06-23,INTC,56.2439,28626962,True
2026-06-24,INTC,52.3882,65418102,True
2026-06-25,INTC,51.4314,74102925,True
2026-06-26,INTC,48.8715,58834172,True
2026-06-29,INTC,49.3563,106126781,True
2026-06-30,INTC,47.1054,123850183,True
2024-11-20,MU,101.636,24238019,True
2024-11-21,MU,100.6256,18300293,True
2024-11-22,MU,100.164,38430513,True
2024-11-25,MU,100.3562,28217021,True
2024-11-26,MU,98.908,35806279,True
2024-11-27,MU,98.273,23330687,True
2024-11-28,MU,99.4619,15138368,True
2024-11-29,MU,98.6359,37056610,True
2024-12-02,MU,98.397,25862602,True
2024-12-03,MU,97.6734,26122966,True
2024-12-04,MU,99.2232,25620284,True
2024-12-05,MU,98.9665,29686343,True
2024-12-06,MU,99.3564,28869968,True
2024-12-09,MU,97.4263,16977423,True
2024-12-10,MU,97.0652,33156605,True
2024-12-11,MU,96.071,22137658,True
2024-12-12,MU,95.3349,22482935,True
2024-12-13,MU,96.0336,38914844,True
2024-12-16,MU,94.2051,31806104,True
2024-12-17,MU,91.3208,23219030,True
2024-12-18,MU,89.8463,15885719,True
2024-12-19,MU,87.3784,26309442,True
2024-12-20,MU,88.5659,28909855,True
2024-12-23,MU,86.4185,24763844,True
2024-12-24,MU,86.9804,18504405,True
2024-12-25,MU,84.63,20735487,True
2024-12-26,MU,84.9794,18461976,True
2024-12-27,MU,83.3014,26665423,True
2024-12-30,MU,82.7671,31011956,True
2024-12-31,MU,82.9102,32650766,True
2025-01-01,MU,80.2894,21040762,True
2025-01-02,MU,80.2662,26796597,True
2025-01-03,MU,80.28,29021474,True
2025-01-06,MU,78.7833,22236416,True
2025-01-07,MU,80.1913,24346588,True
2025-01-08,MU,79.4892,42969269,True
2025-01-09,MU,80.33,26597024,True
2025-01-10,MU,79.7988,31508530,True
2025-01-13,MU,79.7716,22664731,True
2025-01-14,MU,79.9754,25532648,True
2025-01-15,MU,80.9617,16460052,True
2025-01-16,MU,80.3033,25109622,True
2025-01-17,MU,77.5996,34041762,True
2025-01-20,MU,76.9991,42701892,True
2025-01-21,MU,80.0112,34078914,True
2025-01-22,MU,76.9437,30001056,True
2025-01-23,MU,75.8327,25604283,True
2025-01-24,MU,75.2731,21748098,True
2025-01-27,MU,73.7305,24275089,True
2025-01-28,MU,76.8072,29450992,True
2025-01-29,MU,74.6646,20764252,True
2025-01-30,MU,73.7838,31906184,True
2025-01-31,MU,74.9086,19756639,True
2025-02-03,MU,73.7628,16195082,True
2025-02-04,MU,73.5178,19618908,True
2025-02-05,MU,73.5313,16662712,True
2025-02-06,MU,73.9208,17929271,True
2025-02-07,MU,72.1745,33533735,True
2025-02-10,MU,73.1506,24034267,True
2025-02-11,MU,73.3662,26686655,True
2025-02-12,MU,74.9554,33752246,True
2025-02-13,MU,74.4452,34615238,True
2025-02-14,MU,72.889,22272877,True
2025-02-17,MU,73.4988,35221607,True
2025-02-18,MU,74.5513,27817575,True
2025-02-19,MU,74.595,25288512,True
2025-02-20,MU,73.8804,28220349,True
2025-02-21,MU,73.459,17691989,True
2025-02-24,MU,71.4177,20759278,True
2025-02-25,MU,72.7733,24593519,True
2025-02-26,MU,74.9737,29427967,True
2025-02-27,MU,71.4788,23023394,True
2025-02-28,MU,69.523,24475898,True
2025-03-03,MU,70.6231,32197127,True
2025-03-04,MU,72.0842,35961323,True
2025-03-05,MU,69.3314,30609237,True
2025-03-06,MU,69.5938,34695989,True
2025-03-07,MU,68.5832,22838064,True
2025-03-10,MU,69.1777,23404067,True
2025-03-11,MU,68.8488,27360681,True
2025-03-12,MU,68.2339,23435466,True
2025-03-13,MU,66.7157,22258772,True
2025-03-14,MU,66.4891,38189273,True
2025-03-17,MU,66.8459,24028085,True
2025-03-18,MU,67.1536,19846249,True
2025-03-19,MU,66.2576,28541751,True
2025-03-20,MU,66.6381,39983517,True
2025-03-21,MU,65.4174,25783142,True
2025-03-24,MU,65.6706,34376109,True
2025-03-25,MU,66.3968,22647663,True
2025-03-26,MU,66.6634,22346955,True
2025-03-27,MU,67.7736,21265017,True
2025-03-28,MU,67.2244,24377631,True
2025-03-31,MU,69.0923,39989037,True
2025-04-01,MU,70.1327,18928047,True
2025-04-02,MU,71.4092,38047230,True
2025-04-03,MU,71.8499,19636826,True
2025-04-04,MU,72.6758,23832870,True
2025-04-07,MU,71.6482,31139168,True
2025-04-08,MU,70.5006,29579603,True
2025-04-09,MU,68.8092,27113347,True
2025-04-10,MU,66.5085,16729557,True
2025-04-11,MU,66.8437,27662483,True
2025-04-14,MU,67.8321,19568623,True
2025-04-15,MU,68.4917,48026160,True
2025-04-16,MU,67.1854,23954626,True
2025-04-17,MU,68.28,26488179,True
2025-04-18,MU,68.0375,18969705,True
2025-04-21,MU,67.7606,22416528,True
2025-04-22,MU,67.3346,18297383,True
2025-04-23,MU,66.9629,32294656,True
2025-04-24,MU,66.4402,23665670,True
2025-04-25,MU,64.6463,29083872,True
2025-04-28,MU,63.9959,21292859,True
2025-04-29,MU,61.9001,22292113,True
2025-04-30,MU,61.7972,34867799,True
2025-05-01,MU,61.1253,19818092,True
2025-05-02,MU,60.9933,16105447,True
2025-05-05,MU,61.5204,27968493,True
2025-05-06,MU,59.8941,18995180,True
2025-05-07,MU,60.2566,22638499,True
2025-05-08,MU,59.8682,31734818,True
2025-05-09,MU,60.1541,20591317,True
2025-05-12,MU,59.2502,31473033,True
2025-05-13,MU,57.9287,21310762,True
2025-05-14,MU,57.5265,36678409,True
2025-05-15,MU,56.5376,35191139,True
2025-05-16,MU,56.4051,22458513,True
2025-05-19,MU,56.3217,23955826,True
2025-05-20,MU,57.0225,20522764,True
2025-05-21,MU,56.6131,26562995,True
2025-05-22,MU,56.8401,33676868,True
2025-05-23,MU,55.4562,17598776,True
2025-05-26,MU,54.5333,31781383,True
2025-05-27,MU,55.1276,18147529,True
2025-05-28,MU,53.4962,20380701,True
2025-05-29,MU,53.9332,16160866,True
2025-05-30,MU,54.3467,42766495,True
2025-06-02,MU,54.0394,25641035,True
2025-06-03,MU,53.6806,26861841,True
2025-06-04,MU,53.2105,21338003,True
2025-06-05,MU,53.3306,32991840,True
2025-06-06,MU,52.8124,14935253,True
2025-06-09,MU,52.5926,25436494,True
2025-06-10,MU,53.6346,43868642,True
2025-06-11,MU,52.3525,22965775,True
2025-06-12,MU,53.4469,25376041,True
2025-06-13,MU,53.9925,29891580,True
2025-06-16,MU,54.2869,20628135,True
2025-06-17,MU,54.4392,25412213,True
2025-06-18,MU,53.5516,32129268,True
2025-06-19,MU,53.3836,26525763,True
2025-06-20,MU,53.3129,27723082,True
2025-06-23,MU,52.6618,23153824,True
2025-06-24,MU,53.3812,27341859,True
2025-06-25,MU,51.5595,25622221,True
2025-06-26,MU,49.8389,36353293,True
2025-06-27,MU,48.3763,30283930,True
2025-06-30,MU,50.2493,23774132,True
2025-07-01,MU,50.1719,13705750,True
2025-07-02,MU,50.3431,30218343,True
2025-07-03,MU,50.9418,30518559,True
2025-07-04,MU,51.708,20091394,True
2025-07-07,MU,51.1744,15331759,True
2025-07-08,MU,51.0535,18992930,True
2025-07-09,MU,49.7071,31850904,True
2025-07-10,MU,48.8135,19362209,True
2025-07-11,MU,49.68,22525259,True
2025-07-14,MU,50.034,26698759,True
2025-07-15,MU,49.5786,34315961,True
2025-07-16,MU,48.7076,25153053,True
2025-07-17,MU,48.3672,24641247,True
2025-07-18,MU,48.2629,22027820,True
2025-07-21,MU,48.4747,37984637,True
2025-07-22,MU,48.1778,32983458,True
2025-07-23,MU,47.9512,24673696,True
2025-07-24,MU,49.0429,17820933,True
2025-07-25,MU,48.7021,20737553,True
2025-07-28,MU,49.0895,29206433,True
2025-07-29,MU,48.0751,21097386,True
2025-07-30,MU,46.8072,31581984,True
2025-07-31,MU,47.0307,27657120,True
2025-08-01,MU,46.7314,27185437,True
2025-08-04,MU,46.1632,29751507,True
2025-08-05,MU,45.1588,28621711,True
2025-08-06,MU,45.6189,20403862,True
2025-08-07,MU,45.8511,23290861,True
2025-08-08,MU,46.4321,45352831,True
2025-08-11,MU,45.4334,18681887,True
2025-08-12,MU,44.9592,22440836,True
2025-08-13,MU,44.2688,32981376,True
2025-08-14,MU,44.5033,24281226,True
2025-08-15,MU,45.2755,20624673,True
2025-08-18,MU,45.412,18150990,True
2025-08-19,MU,46.3586,28890868,True
2025-08-20,MU,45.6724,32605849,True
2025-08-21,MU,45.9162,35855321,True
2025-08-22,MU,46.4179,25609560,True
2025-08-25,MU,46.6845,32811056,True
2025-08-26,MU,48.4473,19516950,True
2025-08-27,MU,48.8549,26351466,True
2025-08-28,MU,49.6262,21331222,True
2025-08-29,MU,50.081,26389819,True
2025-09-01,MU,50.4258,30483849,True
2025-09-02,MU,50.7254,33014608,True
2025-09-03,MU,50.7651,19728061,True
2025-09-04,MU,51.4157,34687881,True
2025-09-05,MU,50.681,22441726,True
2025-09-08,MU,50.811,19552152,True
2025-09-09,MU,51.7784,24212463,True
2025-09-10,MU,51.7185,17529416,True
2025-09-11,MU,52.1574,25296426,True
2025-09-12,MU,51.5328,27165414,True
2025-09-15,MU,52.2942,24032956,True
2025-09-16,MU,51.804,28891856,True
2025-09-17,MU,52.1012,23355869,True
2025-09-18,MU,51.9868,25293092,True
2025-09-19,MU,52.2506,17625602,True
2025-09-22,MU,54.3776,25538487,True
2025-09-23,MU,52.9995,20424996,True
2025-09-24,MU,52.1497,22580211,True
2025-09-25,MU,51.7126,24682607,True
2025-09-26,MU,50.9797,26503134,True
2025-09-29,MU,50.615,16740855,True
2025-09-30,MU,51.6152,17092880,True
2025-10-01,MU,52.1524,23430177,True
2025-10-02,MU,51.26,28449058,True
2025-10-03,MU,51.0857,27648706,True
2025-10-06,MU,51.1191,31585991,True
2025-10-07,MU,50.5288,34980393,True
2025-10-08,MU,50.391,28606298,True
2025-10-09,MU,49.34,25142333,True
2025-10-10,MU,48.6662,19524188,True
2025-10-13,MU,48.9035,19945462,True
2025-10-14,MU,48.5224,22482247,True
2025-10-15,MU,48.4247,27014945,True
2025-10-16,MU,48.9731,26701038,True
2025-10-17,MU,47.9034,25294311,True
2025-10-20,MU,47.6356,24320945,True
2025-10-21,MU,46.5418,29581307,True
2025-10-22,MU,47.3315,26618373,True
2025-10-23,MU,46.0073,27220770,True
2025-10-24,MU,45.6223,27292934,True
2025-10-27,MU,45.4256,22041903,True
2025-10-28,MU,46.2164,19527216,True
2025-10-29,MU,48.0771,28568380,True
2025-10-30,MU,47.7978,28041917,True
2025-10-31,MU,47.2363,23915148,True
2025-11-03,MU,47.3467,22773176,True
2025-11-04,MU,47.6361,44662070,True
2025-11-05,MU,46.5237,20899313,True
2025-11-06,MU,47.0062,23929992,True
2025-11-07,MU,47.0339,27001595,True
2025-11-10,MU,46.1079,18934032,True
2025-11-11,MU,45.4898,26019014,True
2025-11-12,MU,44.429,39605019,True
2025-11-13,MU,45.0155,31912112,True
2025-11-14,MU,44.9013,29593912,True
2025-11-17,MU,44.2621,29301115,True
2025-11-18,MU,44.7493,25984745,True
2025-11-19,MU,45.0907,32108372,True
2025-11-20,MU,45.4664,24301866,True
2025-11-21,MU,45.5826,22732985,True
2025-11-24,MU,45.5132,25920373,True
2025-11-25,MU,44.672,31688148,True
2025-11-26,MU,44.8554,27443380,True
2025-11-27,MU,45.7563,29908817,True
2025-11-28,MU,46.6071,15233375,True
2025-12-01,MU,46.1029,34048396,True
2025-12-02,MU,46.2346,45361740,True
2025-12-03,MU,44.7987,35277473,True
2025-12-04,MU,45.1304,23338715,True
2025-12-05,MU,44.8386,20438242,True
2025-12-08,MU,44.9066,27082415,True
2025-12-09,MU,44.4635,19742518,True
2025-12-10,MU,45.2547,30293600,True
2025-12-11,MU,45.5967,22157277,True
2025-12-12,MU,45.0249,32126605,True
2025-12-15,MU,46.1893,35518462,True
2025-12-16,MU,46.8847,15202435,True
2025-12-17,MU,46.3632,27186298,True
2025-12-18,MU,46.5848,21220088,True
2025-12-19,MU,46.662,17762217,True
2025-12-22,MU,47.9532,21653841,True
2025-12-23,MU,48.7751,23921679,True
2025-12-24,MU,48.1937,32718491,True
2025-12-25,MU,49.7426,17273383,True
2025-12-26,MU,52.2148,32858870,True
2025-12-29,MU,51.5237,41847594,True
2025-12-30,MU,52.6737,29337860,True
2025-12-31,MU,50.7486,28962558,True
2026-01-01,MU,52.5692,25182843,True
2026-01-02,MU,52.6478,18835785,True
2026-01-05,MU,52.3636,28882198,True
2026-01-06,MU,53.3277,27813609,True
2026-01-07,MU,53.7569,30338478,True
2026-01-08,MU,54.1597,48025334,True
2026-01-09,MU,55.3407,30309579,True
2026-01-12,MU,55.2825,28104972,True
2026-01-13,MU,55.0021,37337621,True
2026-01-14,MU,54.9844,18051243,True
2026-01-15,MU,54.8673,18988678,True
2026-01-16,MU,53.072,23005123,True
2026-01-19,MU,53.3972,21451322,True
2026-01-20,MU,51.8497,30054185,True
2026-01-21,MU,53.2206,23339758,True
2026-01-22,MU,54.5599,39036693,True
2026-01-23,MU,56.197,36952394,True
2026-01-26,MU,55.4951,30631728,True
2026-01-27,MU,54.2728,22943178,True
2026-01-28,MU,53.9278,29481302,True
2026-01-29,MU,53.3,30947227,True
2026-01-30,MU,52.8707,19353546,True
2026-02-02,MU,50.6615,27569594,True
2026-02-03,MU,51.6009,30145843,True
2026-02-04,MU,51.1922,26672538,True
2026-02-05,MU,50.1304,37423398,True
2026-02-06,MU,49.9826,34228524,True
2026-02-09,MU,50.0548,20555386,True
2026-02-10,MU,50.6495,26066192,True
2026-02-11,MU,50.3183,20504350,True
2026-02-12,MU,49.767,29206975,True
2026-02-13,MU,49.1313,20342891,True
2026-02-16,MU,49.0833,31828000,True
2026-02-17,MU,50.3611,27842256,True
2026-02-18,MU,51.0576,32208398,True
2026-02-19,MU,51.168,24367430,True
2026-02-20,MU,51.8519,17556869,True
2026-02-23,MU,51.1645,39290289,True
2026-02-24,MU,53.3864,24200576,True
2026-02-25,MU,53.4281,35647931,True
2026-02-26,MU,53.8611,28136401,True
2026-02-27,MU,54.3488,29904132,True
2026-03-02,MU,54.9775,39923130,True
2026-03-03,MU,54.7227,27510766,True
2026-03-04,MU,53.7171,35858348,True
2026-03-05,MU,53.2354,17434259,True
2026-03-06,MU,53.0797,31415255,True
2026-03-09,MU,55.7708,23784802,True
2026-03-10,MU,57.2649,24434638,True
2026-03-11,MU,58.7433,25322610,True
2026-03-12,MU,59.5542,27554073,True
2026-03-13,MU,61.0433,38237194,True
2026-03-16,MU,60.9519,15896362,True
2026-03-17,MU,60.6026,25547223,True
2026-03-18,MU,60.5776,21123725,True
2026-03-19,MU,60.1086,33817286,True
2026-03-20,MU,61.5508,22731364,True
2026-03-23,MU,62.3091,28324045,True
2026-03-24,MU,61.822,22877242,True
2026-03-25,MU,60.5704,29860402,True
2026-03-26,MU,60.7809,32564392,True
2026-03-27,MU,61.2154,22877836,True
2026-03-30,MU,60.475,25579403,True
2026-03-31,MU,59.1385,17715297,True
2026-04-01,MU,58.6901,27272218,True
2026-04-02,MU,59.7764,31298982,True
2026-04-03,MU,59.6466,21991749,True
2026-04-06,MU,60.7024,33435201,True
2026-04-07,MU,59.391,15047186,True
2026-04-08,MU,58.6129,15905814,True
2026-04-09,MU,59.482,17858114,True
2026-04-10,MU,59.6443,22383406,True
2026-04-13,MU,59.3175,25385375,True
2026-04-14,MU,58.4218,24774191,True
2026-04-15,MU,56.8578,24847213,True
2026-04-16,MU,55.2491,30277734,True
2026-04-17,MU,53.859,22454445,True
2026-04-20,MU,53.4614,18423457,True
2026-04-21,MU,55.3625,18514826,True
2026-04-22,MU,54.575,42849108,True
2026-04-23,MU,55.2779,14034092,True
2026-04-24,MU,55.6461,24177838,True
2026-04-27,MU,53.3407,36379132,True
2026-04-28,MU,52.1953,28512996,True
2026-04-29,MU,52.9198,20534975,True
2026-04-30,MU,52.0848,25281302,True
2026-05-01,MU,52.2752,31358905,True
2026-05-04,MU,52.1555,34177098,True
2026-05-05,MU,50.8826,20179823,True
2026-05-06,MU,50.6251,30558202,True
2026-05-07,MU,48.6841,26913923,True
2026-05-08,MU,49.049,33302078,True
2026-05-11,MU,48.2223,35770461,True
2026-05-12,MU,49.1427,23189329,True
2026-05-13,MU,49.7059,17586304,True
2026-05-14,MU,50.0245,27895844,True
2026-05-15,MU,51.0624,39396380,True
2026-05-18,MU,52.117,29991503,True
2026-05-19,MU,52.8133,26764042,True
2026-05-20,MU,51.2205,46052404,True
2026-05-21,MU,50.8066,19482412,True
2026-05-22,MU,49.9134,31666715,True
2026-05-25,MU,49.2965,21909255,True
2026-05-26,MU,48.3111,25582977,True
2026-05-27,MU,49.3445,25840150,True
2026-05-28,MU,49.6325,36898752,True
2026-05-29,MU,49.5965,19995657,True
2026-06-01,MU,47.8554,22103736,True
2026-06-02,MU,48.146,16967174,True
2026-06-03,MU,48.2916,28540336,True
2026-06-04,MU,46.6691,22532543,True
2026-06-05,MU,46.2855,28078674,True
2026-06-08,MU,46.3239,19321184,True
2026-06-09,MU,47.1926,23096305,True
2026-06-10,MU,46.2911,32761395,True
2026-06-11,MU,45.8569,24189987,True
2026-06-12,MU,46.2973,29545409,True
2026-06-15,MU,48.1099,28835297,True
2026-06-16,MU,46.7374,23132196,True
2026-06-17,MU,46.692,17108614,True
2026-06-18,MU,46.1359,32325894,True
2026-06-19,MU,47.2988,26369167,True
2026-06-22,MU,46.3543,32308767,True
2026-06-23,MU,45.2048,15276970,True
2026-06-24,MU,42.6847,53533512,True
2026-06-25,MU,41.4276,47383701,True
2026-06-26,MU,40.3819,65023632,True
2026-06-29,MU,40.3393,105051180,True
2026-06-30,MU,39.5691,93266238,True
2024-11-20,AVGO,99.8994,35477033,True
2024-11-21,AVGO,98.9079,55449743,True
2024-11-22,AVGO,98.5212,46673989,True
2024-11-25,AVGO,96.5538,32131017,True
2024-11-26,AVGO,94.6364,47781600,True
2024-11-27,AVGO,96.4482,28214999,True
2024-11-28,AVGO,96.4684,48643931,True
2024-11-29,AVGO,96.3361,34280820,True
2024-12-02,AVGO,94.8975,45751953,True
2024-12-03,AVGO,93.5545,44107436,True
2024-12-04,AVGO,95.0879,35201788,True
2024-12-05,AVGO,94.6033,40966182,True
2024-12-06,AVGO,92.883,28879819,True
2024-12-09,AVGO,88.8891,37044470,True
2024-12-10,AVGO,87.4333,49509242,True
2024-12-11,AVGO,84.9379,105400474,True
2024-12-12,AVGO,82.3997,45011136,True
2024-12-13,AVGO,83.64,38580113,True
2024-12-16,AVGO,81.8131,29278296,True
2024-12-17,AVGO,79.3626,49217289,True
2024-12-18,AVGO,78.4965,24914931,True
2024-12-19,AVGO,78.0083,30861277,True
2024-12-20,AVGO,77.31,41286653,True
2024-12-23,AVGO,77.7318,27897899,True
2024-12-24,AVGO,77.6857,55531149,True
2024-12-25,AVGO,75.9853,49641017,True
2024-12-26,AVGO,73.6885,32730667,True
2024-12-27,AVGO,72.365,32837179,True
2024-12-30,AVGO,72.5187,27115872,True
2024-12-31,AVGO,72.0049,26565452,True
2025-01-01,AVGO,70.1933,42173747,True
2025-01-02,AVGO,69.6814,44132103,True
2025-01-03,AVGO,69.3138,41220544,True
2025-01-06,AVGO,67.9013,40345203,True
2025-01-07,AVGO,69.083,32796446,True
2025-01-08,AVGO,68.1963,41313349,True
2025-01-09,AVGO,67.9294,26093063,True
2025-01-10,AVGO,67.4254,37822205,True
2025-01-13,AVGO,67.1616,54626350,True
2025-01-14,AVGO,65.2873,52597080,True
2025-01-15,AVGO,66.0234,33603258,True
2025-01-16,AVGO,66.6781,34709999,True
2025-01-17,AVGO,64.4504,53329496,True
2025-01-20,AVGO,64.5144,59103350,True
2025-01-21,AVGO,66.9675,25931505,True
2025-01-22,AVGO,64.7077,33915603,True
2025-01-23,AVGO,63.8457,40030288,True
2025-01-24,AVGO,62.6882,51244571,True
2025-01-27,AVGO,61.9547,30589147,True
2025-01-28,AVGO,63.5557,44348561,True
2025-01-29,AVGO,63.326,35007320,True
2025-01-30,AVGO,62.3323,68515098,True
2025-01-31,AVGO,63.6579,42050167,True
2025-02-03,AVGO,64.0808,36494728,True
2025-02-04,AVGO,63.3166,34705776,True
2025-02-05,AVGO,63.035,49202543,True
2025-02-06,AVGO,62.3149,44766769,True
2025-02-07,AVGO,61.9732,28767816,True
2025-02-10,AVGO,63.7489,39865658,True
2025-02-11,AVGO,62.7822,26977660,True
2025-02-12,AVGO,62.7441,31228422,True
2025-02-13,AVGO,61.3095,27279130,True
2025-02-14,AVGO,61.4739,27066390,True
2025-02-17,AVGO,60.5637,31775595,True
2025-02-18,AVGO,61.8281,29520513,True
2025-02-19,AVGO,60.408,43103673,True
2025-02-20,AVGO,59.5897,46113865,True
2025-02-21,AVGO,58.8743,35557281,True
2025-02-24,AVGO,56.8224,28508132,True
2025-02-25,AVGO,57.3661,46201518,True
2025-02-26,AVGO,57.8622,22715251,True
2025-02-27,AVGO,56.7046,23250311,True
2025-02-28,AVGO,55.0278,45320097,True
2025-03-03,AVGO,54.8562,44516525,True
2025-03-04,AVGO,55.1711,48220676,True
2025-03-05,AVGO,53.6029,35765809,True
2025-03-06,AVGO,53.4733,27508800,True
2025-03-07,AVGO,53.0812,33224773,True
2025-03-10,AVGO,53.6667,43531870,True
2025-03-11,AVGO,53.6079,31147233,True
2025-03-12,AVGO,53.7756,31654703,True
2025-03-13,AVGO,52.9413,26603305,True
2025-03-14,AVGO,52.8729,28190916,True
2025-03-17,AVGO,54.0466,46658101,True
2025-03-18,AVGO,54.3918,42320508,True
2025-03-19,AVGO,53.5366,28206908,True
2025-03-20,AVGO,53.2516,28788352,True
2025-03-21,AVGO,51.8106,32787319,True
2025-03-24,AVGO,52.2972,43327020,True
2025-03-25,AVGO,53.1959,28157584,True
2025-03-26,AVGO,53.6479,36192307,True
2025-03-27,AVGO,53.6551,22035724,True
2025-03-28,AVGO,52.1626,27537498,True
2025-03-31,AVGO,52.5269,41964468,True
2025-04-01,AVGO,52.4374,47305379,True
2025-04-02,AVGO,54.0398,28243791,True
2025-04-03,AVGO,54.3215,31093418,True
2025-04-04,AVGO,54.2716,46133157,True
2025-04-07,AVGO,53.5822,34235117,True
2025-04-08,AVGO,52.4399,32960222,True
2025-04-09,AVGO,51.9039,43014324,True
2025-04-10,AVGO,52.1275,39664628,True
2025-04-11,AVGO,53.0278,49919908,True
2025-04-14,AVGO,53.754,46093434,True
2025-04-15,AVGO,53.9088,32679425,True
2025-04-16,AVGO,53.0298,36653144,True
2025-04-17,AVGO,53.5842,37200092,True
2025-04-18,AVGO,53.7268,26868494,True
2025-04-21,AVGO,53.3866,29578467,True
2025-04-22,AVGO,52.4879,48202130,True
2025-04-23,AVGO,52.6429,25356888,True
2025-04-24,AVGO,52.4552,48481959,True
2025-04-25,AVGO,52.3494,40575650,True
2025-04-28,AVGO,53.1467,36477452,True
2025-04-29,AVGO,52.6322,43236476,True
2025-04-30,AVGO,51.3035,42570338,True
2025-05-01,AVGO,50.1664,51164878,True
2025-05-02,AVGO,48.6694,34164704,True
2025-05-05,AVGO,48.4684,35672036,True
2025-05-06,AVGO,47.8085,35516913,True
2025-05-07,AVGO,48.1025,60587434,True
2025-05-08,AVGO,47.6478,47897173,True
2025-05-09,AVGO,47.6701,29962225,True
2025-05-12,AVGO,46.3515,34750527,True
2025-05-13,AVGO,45.0666,31653427,True
2025-05-14,AVGO,44.0584,37915817,True
2025-05-15,AVGO,42.8167,39872380,True
2025-05-16,AVGO,43.5301,67176420,True
2025-05-19,AVGO,42.3624,23907064,True
2025-05-20,AVGO,42.6664,48917528,True
2025-05-21,AVGO,43.119,42169595,True
2025-05-22,AVGO,43.3605,31693981,True
2025-05-23,AVGO,43.321,36407191,True
2025-05-26,AVGO,42.3328,33382142,True
2025-05-27,AVGO,42.9797,38282395,True
2025-05-28,AVGO,43.0338,48666882,True
2025-05-29,AVGO,43.224,25835052,True
2025-05-30,AVGO,43.7197,52559398,True
2025-06-02,AVGO,44.3705,34430903,True
2025-06-03,AVGO,44.3814,55121085,True
2025-06-04,AVGO,44.6215,41934341,True
2025-06-05,AVGO,44.2883,51528276,True
2025-06-06,AVGO,44.7351,43591128,True
2025-06-09,AVGO,44.1189,49658873,True
2025-06-10,AVGO,44.1982,38368177,True
2025-06-11,AVGO,43.184,30713041,True
2025-06-12,AVGO,43.4377,44781796,True
2025-06-13,AVGO,44.965,45219768,True
2025-06-16,AVGO,45.2933,64043415,True
2025-06-17,AVGO,44.9785,22899069,True
2025-06-18,AVGO,44.1604,36018211,True
2025-06-19,AVGO,43.5457,49387538,True
2025-06-20,AVGO,42.9189,27646252,True
2025-06-23,AVGO,41.1213,35753742,True
2025-06-24,AVGO,40.7293,64360172,True
2025-06-25,AVGO,39.9568,53994594,True
2025-06-26,AVGO,39.1458,30370280,True
2025-06-27,AVGO,39.1205,54132292,True
2025-06-30,AVGO,40.5065,50947909,True
2025-07-01,AVGO,40.6695,46013291,True
2025-07-02,AVGO,40.7157,41667279,True
2025-07-03,AVGO,41.3535,40205490,True
2025-07-04,AVGO,43.0246,30461280,True
2025-07-07,AVGO,42.272,33282863,True
2025-07-08,AVGO,41.8168,45518182,True
2025-07-09,AVGO,41.7711,39246606,True
2025-07-10,AVGO,41.2681,60216125,True
2025-07-11,AVGO,41.7874,34852831,True
2025-07-14,AVGO,42.2996,20770074,True
2025-07-15,AVGO,42.7829,34853041,True
2025-07-16,AVGO,42.3361,40625811,True
2025-07-17,AVGO,42.1049,41710811,True
2025-07-18,AVGO,41.3667,38551172,True
2025-07-21,AVGO,41.6906,30849108,True
2025-07-22,AVGO,41.28,55117012,True
2025-07-23,AVGO,41.9705,32101709,True
2025-07-24,AVGO,42.8242,45299452,True
2025-07-25,AVGO,42.1434,35283756,True
2025-07-28,AVGO,42.3886,28095827,True
2025-07-29,AVGO,41.3868,54020274,True
2025-07-30,AVGO,40.5719,20233468,True
2025-07-31,AVGO,40.9012,30645321,True
2025-08-01,AVGO,41.1969,42267104,True
2025-08-04,AVGO,40.3669,34693495,True
2025-08-05,AVGO,39.4734,45774553,True
2025-08-06,AVGO,39.5522,37003789,True
2025-08-07,AVGO,39.8009,33876709,True
2025-08-08,AVGO,40.1638,65168139,True
2025-08-11,AVGO,38.8035,35918550,True
2025-08-12,AVGO,38.7234,36483071,True
2025-08-13,AVGO,38.3925,28948759,True
2025-08-14,AVGO,38.9111,31482867,True
2025-08-15,AVGO,39.1343,44660350,True
2025-08-18,AVGO,39.3816,43718157,True
2025-08-19,AVGO,39.6049,37987866,True
2025-08-20,AVGO,38.8037,31872127,True
2025-08-21,AVGO,38.5056,45090491,True
2025-08-22,AVGO,38.3985,24803617,True
2025-08-25,AVGO,38.7694,34874863,True
2025-08-26,AVGO,39.8968,35666031,True
2025-08-27,AVGO,39.274,30748126,True
2025-08-28,AVGO,39.2948,39479835,True
2025-08-29,AVGO,39.576,32158945,True
2025-09-01,AVGO,40.8614,31090829,True
2025-09-02,AVGO,41.7049,59663889,True
2025-09-03,AVGO,42.5398,45765091,True
2025-09-04,AVGO,41.733,51331878,True
2025-09-05,AVGO,41.9867,38525834,True
2025-09-08,AVGO,42.4043,48417814,True
2025-09-09,AVGO,42.2332,46252043,True
2025-09-10,AVGO,42.5088,51539698,True
2025-09-11,AVGO,43.2712,68809407,True
2025-09-12,AVGO,43.5437,35966887,True
2025-09-15,AVGO,44.2046,40618043,True
2025-09-16,AVGO,43.8071,37588449,True
2025-09-17,AVGO,43.2683,15810633,True
2025-09-18,AVGO,44.081,26859474,True
2025-09-19,AVGO,44.1833,38270392,True
2025-09-22,AVGO,44.953,44634905,True
2025-09-23,AVGO,44.6697,32992137,True
2025-09-24,AVGO,43.7353,50616906,True
2025-09-25,AVGO,43.6974,52537358,True
2025-09-26,AVGO,42.6884,34375212,True
2025-09-29,AVGO,42.4256,54425050,True
2025-09-30,AVGO,43.0127,59078090,True
2025-10-01,AVGO,44.3055,42824646,True
2025-10-02,AVGO,44.4788,29837355,True
2025-10-03,AVGO,44.0309,55058148,True
2025-10-06,AVGO,44.7076,36614557,True
2025-10-07,AVGO,44.1587,34712738,True
2025-10-08,AVGO,44.5485,39280630,True
2025-10-09,AVGO,44.9567,33358581,True
2025-10-10,AVGO,44.282,49897614,True
2025-10-13,AVGO,44.2526,46353489,True
2025-10-14,AVGO,44.6466,51771744,True
2025-10-15,AVGO,43.9622,44143920,True
2025-10-16,AVGO,43.3652,31302536,True
2025-10-17,AVGO,43.4241,36688280,True
2025-10-20,AVGO,43.0774,47522842,True
2025-10-21,AVGO,42.1898,34488645,True
2025-10-22,AVGO,42.2646,79230300,True
2025-10-23,AVGO,41.7768,35937812,True
2025-10-24,AVGO,41.0719,32975610,True
2025-10-27,AVGO,41.6873,50886173,True
2025-10-28,AVGO,43.7026,46030305,True
2025-10-29,AVGO,45.3789,37916415,True
2025-10-30,AVGO,45.7741,36046310,True
2025-10-31,AVGO,44.3615,42478214,True
2025-11-03,AVGO,44.8156,47051783,True
2025-11-04,AVGO,43.5103,46202969,True
2025-11-05,AVGO,42.3612,35408431,True
2025-11-06,AVGO,42.1317,42535706,True
2025-11-07,AVGO,42.784,47150919,True
2025-11-10,AVGO,42.3921,46229037,True
2025-11-11,AVGO,41.0358,17650806,True
2025-11-12,AVGO,39.471,30563292,True
2025-11-13,AVGO,40.3473,31450006,True
2025-11-14,AVGO,39.4751,36045579,True
2025-11-17,AVGO,38.9221,39930369,True
2025-11-18,AVGO,38.8628,48073167,True
2025-11-19,AVGO,38.8197,44557784,True
2025-11-20,AVGO,39.0383,36989252,True
2025-11-21,AVGO,39.8471,38403597,True
2025-11-24,AVGO,39.6556,59272505,True
2025-11-25,AVGO,39.2742,32758897,True
2025-11-26,AVGO,39.0236,41202043,True
2025-11-27,AVGO,39.645,56471740,True
2025-11-28,AVGO,39.166,41631063,True
2025-12-01,AVGO,38.6424,22908009,True
2025-12-02,AVGO,38.0672,41934021,True
2025-12-03,AVGO,37.4652,34657936,True
2025-12-04,AVGO,37.3533,37117563,True
2025-12-05,AVGO,37.076,49655986,True
2025-12-08,AVGO,37.3352,42937652,True
2025-12-09,AVGO,37.5068,35743026,True
2025-12-10,AVGO,37.7515,47720827,True
2025-12-11,AVGO,38.206,42571504,True
2025-12-12,AVGO,38.2116,39198983,True
2025-12-15,AVGO,38.9367,41166201,True
2025-12-16,AVGO,40.3901,40676244,True
2025-12-17,AVGO,40.3625,35074856,True
2025-12-18,AVGO,39.2507,34041846,True
2025-12-19,AVGO,39.1732,38422987,True
2025-12-22,AVGO,39.6271,30078315,True
2025-12-23,AVGO,40.6968,27872614,True
2025-12-24,AVGO,40.262,52857166,True
2025-12-25,AVGO,40.9459,35961265,True
2025-12-26,AVGO,42.291,37953624,True
2025-12-29,AVGO,41.5476,36914504,True
2025-12-30,AVGO,41.5547,38406126,True
2025-12-31,AVGO,40.8455,38399456,True
2026-01-01,AVGO,42.6286,38808790,True
2026-01-02,AVGO,42.8094,31222191,True
2026-01-05,AVGO,44.1876,48200594,True
2026-01-06,AVGO,44.4719,32115599,True
2026-01-07,AVGO,43.9583,49456419,True
2026-01-08,AVGO,42.2161,23633423,True
2026-01-09,AVGO,42.7405,29282331,True
2026-01-12,AVGO,42.1726,48930284,True
2026-01-13,AVGO,43.1417,36793752,True
2026-01-14,AVGO,43.5347,32285245,True
2026-01-15,AVGO,43.6575,41936600,True
2026-01-16,AVGO,41.7701,29399690,True
2026-01-19,AVGO,42.8087,38922931,True
2026-01-20,AVGO,42.5394,21945833,True
2026-01-21,AVGO,43.4889,34099247,True
2026-01-22,AVGO,43.4919,32456615,True
2026-01-23,AVGO,43.9696,43696569,True
2026-01-26,AVGO,43.5133,47527495,True
2026-01-27,AVGO,42.4606,30837412,True
2026-01-28,AVGO,41.9552,57087967,True
2026-01-29,AVGO,42.2025,32929115,True
2026-01-30,AVGO,42.5571,22837059,True
2026-02-02,AVGO,41.6604,21061325,True
2026-02-03,AVGO,42.5346,56098315,True
2026-02-04,AVGO,41.7999,37355547,True
2026-02-05,AVGO,41.1394,32477042,True
2026-02-06,AVGO,40.8079,31670669,True
2026-02-09,AVGO,39.2955,29058511,True
2026-02-10,AVGO,39.1859,53539730,True
2026-02-11,AVGO,39.1679,37389682,True
2026-02-12,AVGO,39.2091,59734969,True
2026-02-13,AVGO,38.6412,36328948,True
2026-02-16,AVGO,38.6846,21216781,True
2026-02-17,AVGO,38.3842,47156603,True
2026-02-18,AVGO,39.113,34824344,True
2026-02-19,AVGO,39.8799,35984782,True
2026-02-20,AVGO,40.1718,56496794,True
2026-02-23,AVGO,39.6955,35748867,True
2026-02-24,AVGO,41.3379,51052977,True
2026-02-25,AVGO,42.089,38134433,True
2026-02-26,AVGO,41.7972,31638358,True
2026-02-27,AVGO,41.6754,43345125,True
2026-03-02,AVGO,41.1085,32857990,True
2026-03-03,AVGO,39.6669,51906254,True
2026-03-04,AVGO,39.5614,48537524,True
2026-03-05,AVGO,39.5297,38785599,True
2026-03-06,AVGO,39.1898,44471112,True
2026-03-09,AVGO,40.2032,43970375,True
2026-03-10,AVGO,40.5209,35639738,True
2026-03-11,AVGO,40.8667,47758266,True
2026-03-12,AVGO,42.0572,36072928,True
2026-03-13,AVGO,42.9097,44541305,True
2026-03-16,AVGO,41.594,30107646,True
2026-03-17,AVGO,41.9003,39168491,True
2026-03-18,AVGO,42.1395,42367801,True
2026-03-19,AVGO,42.591,31351188,True
2026-03-20,AVGO,43.2238,34425027,True
2026-03-23,AVGO,45.3981,33435039,True
2026-03-24,AVGO,44.7937,45834086,True
2026-03-25,AVGO,44.7914,31917590,True
2026-03-26,AVGO,43.4845,42640270,True
2026-03-27,AVGO,43.9799,55955645,True
2026-03-30,AVGO,42.7122,41789679,True
2026-03-31,AVGO,42.4763,25550130,True
2026-04-01,AVGO,42.5066,39453341,True
2026-04-02,AVGO,42.3516,49601224,True
2026-04-03,AVGO,43.426,35600150,True
2026-04-06,AVGO,43.6145,50465935,True
2026-04-07,AVGO,42.6737,44638037,True
2026-04-08,AVGO,43.2891,42496399,True
2026-04-09,AVGO,43.1908,35833874,True
2026-04-10,AVGO,43.3655,33656749,True
2026-04-13,AVGO,43.9339,35886460,True
2026-04-14,AVGO,42.8189,38870269,True
2026-04-15,AVGO,42.9311,43612462,True
2026-04-16,AVGO,42.1684,42512595,True
2026-04-17,AVGO,41.2007,35499971,True
2026-04-20,AVGO,40.766,38908230,True
2026-04-21,AVGO,40.3976,42177881,True
2026-04-22,AVGO,40.2029,25504446,True
2026-04-23,AVGO,40.1899,31598431,True
2026-04-24,AVGO,39.7942,31359194,True
2026-04-27,AVGO,39.2972,36392272,True
2026-04-28,AVGO,38.1703,35749454,True
2026-04-29,AVGO,38.0004,35910861,True
2026-04-30,AVGO,36.8425,30796860,True
2026-05-01,AVGO,37.3354,45325398,True
2026-05-04,AVGO,36.5273,41067699,True
2026-05-05,AVGO,35.5733,25410250,True
2026-05-06,AVGO,35.3519,38445578,True
2026-05-07,AVGO,35.3483,28916182,True
2026-05-08,AVGO,35.3521,58651914,True
2026-05-11,AVGO,35.1649,34199103,True
2026-05-12,AVGO,34.9121,34733845,True
2026-05-13,AVGO,35.673,39141801,True
2026-05-14,AVGO,36.5966,36462018,True
2026-05-15,AVGO,36.8484,37778405,True
2026-05-18,AVGO,37.6568,56442142,True
2026-05-19,AVGO,37.7001,40566424,True
2026-05-20,AVGO,36.9601,47239015,True
2026-05-21,AVGO,37.0952,50822008,True
2026-05-22,AVGO,36.8009,30051141,True
2026-05-25,AVGO,36.3746,58492810,True
2026-05-26,AVGO,36.1089,45544876,True
2026-05-27,AVGO,36.4686,48714053,True
2026-05-28,AVGO,36.8608,30903660,True
2026-05-29,AVGO,37.0677,47044334,True
2026-06-01,AVGO,35.9392,42527185,True
2026-06-02,AVGO,36.3659,33533292,True
2026-06-03,AVGO,35.773,67868240,True
2026-06-04,AVGO,35.5278,44193822,True
2026-06-05,AVGO,36.1358,36128133,True
2026-06-08,AVGO,36.0195,40263701,True
2026-06-09,AVGO,35.6529,48160786,True
2026-06-10,AVGO,35.6029,50885735,True
2026-06-11,AVGO,35.5495,44365754,True
2026-06-12,AVGO,35.6656,52007940,True
2026-06-15,AVGO,37.0755,55404279,True
2026-06-16,AVGO,35.7545,28175730,True
2026-06-17,AVGO,35.432,33979696,True
2026-06-18,AVGO,35.2329,30335693,True
2026-06-19,AVGO,35.7038,39312864,True
2026-06-22,AVGO,34.7584,55040839,True
2026-06-23,AVGO,34.3703,45176543,True
2026-06-24,AVGO,31.6854,114911071,True
2026-06-25,AVGO,30.94,138682915,True
2026-06-26,AVGO,29.9701,193011818,True
2026-06-29,AVGO,30.0314,130680945,True
2026-06-30,AVGO,28.8992,145686416,True
2024-11-20,QCOM,100.6319,36885086,True
2024-11-21,QCOM,99.9185,27743415,True
2024-11-22,QCOM,98.3221,29494339,True
2024-11-25,QCOM,97.7977,13094756,True
2024-11-26,QCOM,95.6502,24032812,True
2024-11-27,QCOM,96.2139,43375651,True
2024-11-28,QCOM,96.7503,17746640,True
2024-11-29,QCOM,97.0723,24263765,True
2024-12-02,QCOM,98.175,29811417,True
2024-12-03,QCOM,98.6938,32034014,True
2024-12-04,QCOM,98.3674,41712174,True
2024-12-05,QCOM,97.5217,17853535,True
2024-12-06,QCOM,98.7318,28039074,True
2024-12-09,QCOM,97.389,34392050,True
2024-12-10,QCOM,97.9219,19975275,True
2024-12-11,QCOM,99.052,27466995,True
2024-12-12,QCOM,97.367,44438510,True
2024-12-13,QCOM,97.645,38553005,True
2024-12-16,QCOM,94.7607,31746485,True
2024-12-17,QCOM,92.912,14431124,True
2024-12-18,QCOM,89.9598,26851557,True
2024-12-19,QCOM,88.5854,30554518,True
2024-12-20,QCOM,89.2899,25681958,True
2024-12-23,QCOM,88.6733,27290745,True
2024-12-24,QCOM,90.0163,59965138,True
2024-12-25,QCOM,88.7914,26292673,True
2024-12-26,QCOM,86.0008,21769282,True
2024-12-27,QCOM,86.8889,29477411,True
2024-12-30,QCOM,84.0772,25635781,True
2024-12-31,QCOM,84.1251,25673784,True
2025-01-01,QCOM,83.4779,27143370,True
2025-01-02,QCOM,82.4388,33663620,True
2025-01-03,QCOM,82.3251,29437926,True
2025-01-06,QCOM,82.0584,20543542,True
2025-01-07,QCOM,82.0199,26835650,True
2025-01-08,QCOM,81.7524,31234381,True
2025-01-09,QCOM,81.5908,24679577,True
2025-01-10,QCOM,81.9956,36971353,True
2025-01-13,QCOM,81.7025,33689610,True
2025-01-14,QCOM,80.4823,21654544,True
2025-01-15,QCOM,82.3881,30049798,True
2025-01-16,QCOM,82.0362,45551846,True
2025-01-17,QCOM,80.9721,40974631,True
2025-01-20,QCOM,81.6146,27353362,True
2025-01-21,QCOM,82.4765,34719808,True
2025-01-22,QCOM,80.4461,23439945,True
2025-01-23,QCOM,80.6643,19315118,True
2025-01-24,QCOM,78.9498,31864334,True
2025-01-27,QCOM,78.8428,29504469,True
2025-01-28,QCOM,80.6505,31545947,True
2025-01-29,QCOM,80.9219,27570122,True
2025-01-30,QCOM,78.7988,30096245,True
2025-01-31,QCOM,79.4458,24402334,True
2025-02-03,QCOM,79.5676,31225094,True
2025-02-04,QCOM,79.5681,34164175,True
2025-02-05,QCOM,79.3982,27338746,True
2025-02-06,QCOM,76.6506,34002834,True
2025-02-07,QCOM,76.8908,17817334,True
2025-02-10,QCOM,78.4229,22790677,True
2025-02-11,QCOM,75.9392,39806726,True
2025-02-12,QCOM,75.523,43091498,True
2025-02-13,QCOM,74.5755,29534426,True
2025-02-14,QCOM,75.291,27033280,True
2025-02-17,QCOM,73.88,20204718,True
2025-02-18,QCOM,75.2366,30380514,True
2025-02-19,QCOM,73.6113,33700648,True
2025-02-20,QCOM,74.889,19153015,True
2025-02-21,QCOM,75.3805,31900830,True
2025-02-24,QCOM,75.1954,31361282,True
2025-02-25,QCOM,74.4744,30973241,True
2025-02-26,QCOM,76.1296,20926697,True
2025-02-27,QCOM,73.4007,31765103,True
2025-02-28,QCOM,72.6146,19075832,True
2025-03-03,QCOM,72.8983,40247842,True
2025-03-04,QCOM,73.4937,28694438,True
2025-03-05,QCOM,71.0306,20738554,True
2025-03-06,QCOM,70.3584,38830421,True
2025-03-07,QCOM,68.2994,37018213,True
2025-03-10,QCOM,68.375,23577658,True
2025-03-11,QCOM,67.8675,48131338,True
2025-03-12,QCOM,66.4154,21582262,True
2025-03-13,QCOM,65.3696,30001947,True
2025-03-14,QCOM,65.3715,37282231,True
2025-03-17,QCOM,65.3232,15724805,True
2025-03-18,QCOM,65.4045,35633036,True
2025-03-19,QCOM,64.5765,27295665,True
2025-03-20,QCOM,63.8959,27632220,True
2025-03-21,QCOM,62.0211,21193446,True
2025-03-24,QCOM,63.0089,30138049,True
2025-03-25,QCOM,63.9888,21019726,True
2025-03-26,QCOM,64.4524,21775649,True
2025-03-27,QCOM,64.6665,24803211,True
2025-03-28,QCOM,65.2136,20411013,True
2025-03-31,QCOM,67.0877,41103377,True
2025-04-01,QCOM,66.8152,19900161,True
2025-04-02,QCOM,67.9929,22970593,True
2025-04-03,QCOM,69.4716,25631367,True
2025-04-04,QCOM,69.028,27765662,True
2025-04-07,QCOM,67.858,33817901,True
2025-04-08,QCOM,66.7204,34038192,True
2025-04-09,QCOM,65.6811,25718041,True
2025-04-10,QCOM,64.5739,25201103,True
2025-04-11,QCOM,63.5683,27984904,True
2025-04-14,QCOM,63.7998,34069948,True
2025-04-15,QCOM,62.3959,33025443,True
2025-04-16,QCOM,63.6196,24381283,True
2025-04-17,QCOM,65.0093,16578503,True
2025-04-18,QCOM,66.1027,47402296,True
2025-04-21,QCOM,65.7888,35190154,True
2025-04-22,QCOM,65.8166,29628482,True
2025-04-23,QCOM,67.0394,30205320,True
2025-04-24,QCOM,67.7726,24349448,True
2025-04-25,QCOM,68.0641,21598912,True
2025-04-28,QCOM,67.3853,25528293,True
2025-04-29,QCOM,66.8515,26240153,True
2025-04-30,QCOM,65.9512,23726564,True
2025-05-01,QCOM,64.4174,19271351,True
2025-05-02,QCOM,62.8002,25655647,True
2025-05-05,QCOM,63.4846,32041987,True
2025-05-06,QCOM,63.0468,24512519,True
2025-05-07,QCOM,62.2549,27893692,True
2025-05-08,QCOM,63.2804,16530787,True
2025-05-09,QCOM,64.1891,26337696,True
2025-05-12,QCOM,62.6066,26907844,True
2025-05-13,QCOM,61.496,20417351,True
2025-05-14,QCOM,61.079,18002735,True
2025-05-15,QCOM,60.4977,30749207,True
2025-05-16,QCOM,60.3896,22657577,True
2025-05-19,QCOM,58.8632,31343244,True
2025-05-20,QCOM,58.7966,24974506,True
2025-05-21,QCOM,57.2332,32417853,True
2025-05-22,QCOM,57.8303,25488019,True
2025-05-23,QCOM,58.5944,19034493,True
2025-05-26,QCOM,57.8013,27147659,True
2025-05-27,QCOM,59.2984,25555214,True
2025-05-28,QCOM,59.4033,32695921,True
2025-05-29,QCOM,60.1647,24785525,True
2025-05-30,QCOM,60.3058,25144514,True
2025-06-02,QCOM,59.8856,34393825,True
2025-06-03,QCOM,59.5061,37132223,True
2025-06-04,QCOM,59.6691,33540996,True
2025-06-05,QCOM,60.1011,35958121,True
2025-06-06,QCOM,61.5925,31076721,True
2025-06-09,QCOM,61.7639,33632603,True
2025-06-10,QCOM,61.0919,34552198,True
2025-06-11,QCOM,59.0723,30687254,True
2025-06-12,QCOM,59.9551,28180793,True
2025-06-13,QCOM,61.5572,28744496,True
2025-06-16,QCOM,62.9778,50608553,True
2025-06-17,QCOM,63.1363,27835911,True
2025-06-18,QCOM,61.3061,26146240,True
2025-06-19,QCOM,62.3591,25326278,True
2025-06-20,QCOM,62.2052,27510597,True
2025-06-23,QCOM,60.6501,29487298,True
2025-06-24,QCOM,60.793,20907851,True
2025-06-25,QCOM,60.8909,16907636,True
2025-06-26,QCOM,59.3262,29865978,True
2025-06-27,QCOM,59.6765,18567154,True
2025-06-30,QCOM,62.1974,29594458,True
2025-07-01,QCOM,61.6843,28733465,True
2025-07-02,QCOM,61.9329,37008000,True
2025-07-03,QCOM,63.1705,42117217,True
2025-07-04,QCOM,64.4277,30411640,True
2025-07-07,QCOM,63.4139,24153307,True
2025-07-08,QCOM,62.5604,20680891,True
2025-07-09,QCOM,61.8233,22759116,True
2025-07-10,QCOM,60.5177,28019530,True
2025-07-11,QCOM,61.5869,16536471,True
2025-07-14,QCOM,62.4256,28267670,True
2025-07-15,QCOM,60.4631,27657398,True
2025-07-16,QCOM,60.9249,32590418,True
2025-07-17,QCOM,59.5386,25514659,True
2025-07-18,QCOM,59.3766,28457718,True
2025-07-21,QCOM,59.2064,23077878,True
2025-07-22,QCOM,59.0958,24702389,True
2025-07-23,QCOM,60.0473,17807128,True
2025-07-24,QCOM,59.8896,28611748,True
2025-07-25,QCOM,59.6069,40857593,True
2025-07-28,QCOM,59.9626,28892044,True
2025-07-29,QCOM,58.1591,30397682,True
2025-07-30,QCOM,57.4358,21704070,True
2025-07-31,QCOM,57.5794,39675387,True
2025-08-01,QCOM,57.5755,22900397,True
2025-08-04,QCOM,57.1863,33897828,True
2025-08-05,QCOM,58.202,28495360,True
2025-08-06,QCOM,57.7867,21826605,True
2025-08-07,QCOM,56.9236,35862881,True
2025-08-08,QCOM,56.2211,27847753,True
2025-08-11,QCOM,54.9554,29008472,True
2025-08-12,QCOM,54.3108,31060675,True
2025-08-13,QCOM,54.1431,27592134,True
2025-08-14,QCOM,54.2055,25234925,True
2025-08-15,QCOM,54.6897,31169831,True
2025-08-18,QCOM,54.3609,25071158,True
2025-08-19,QCOM,54.2507,28197838,True
2025-08-20,QCOM,52.6811,23476182,True
2025-08-21,QCOM,52.804,19113285,True
2025-08-22,QCOM,54.0538,23443987,True
2025-08-25,QCOM,54.5383,24510999,True
2025-08-26,QCOM,56.0365,27843771,True
2025-08-27,QCOM,56.1235,37300538,True
2025-08-28,QCOM,56.8915,18183960,True
2025-08-29,QCOM,58.646,28647210,True
2025-09-01,QCOM,59.1943,15957452,True
2025-09-02,QCOM,60.1824,21358325,True
2025-09-03,QCOM,61.4614,24438036,True
2025-09-04,QCOM,60.8148,15794148,True
2025-09-05,QCOM,61.296,17434961,True
2025-09-08,QCOM,61.7814,28830045,True
2025-09-09,QCOM,60.938,28285442,True
2025-09-10,QCOM,61.4759,26962857,True
2025-09-11,QCOM,63.5205,22691181,True
2025-09-12,QCOM,63.4328,47536604,True
2025-09-15,QCOM,63.1259,26644848,True
2025-09-16,QCOM,62.8268,22362372,True
2025-09-17,QCOM,64.4187,42203665,True
2025-09-18,QCOM,63.4218,32345821,True
2025-09-19,QCOM,64.1451,25284012,True
2025-09-22,QCOM,65.02,37377847,True
2025-09-23,QCOM,63.3562,28848969,True
2025-09-24,QCOM,63.1808,32579775,True
2025-09-25,QCOM,63.0275,29418053,True
2025-09-26,QCOM,62.2855,21451640,True
2025-09-29,QCOM,62.5227,35364504,True
2025-09-30,QCOM,63.0336,28876322,True
2025-10-01,QCOM,63.7499,21553952,True
2025-10-02,QCOM,63.5263,22923829,True
2025-10-03,QCOM,62.6281,35224597,True
2025-10-06,QCOM,62.7651,25293924,True
2025-10-07,QCOM,61.4087,28064766,True
2025-10-08,QCOM,62.747,32672687,True
2025-10-09,QCOM,62.9647,28645314,True
2025-10-10,QCOM,63.8445,18939616,True
2025-10-13,QCOM,65.1131,32533152,True
2025-10-14,QCOM,65.1412,35075486,True
2025-10-15,QCOM,65.9387,34452038,True
2025-10-16,QCOM,66.1402,41558848,True
2025-10-17,QCOM,65.483,30385857,True
2025-10-20,QCOM,66.9111,33688826,True
2025-10-21,QCOM,65.118,41273972,True
2025-10-22,QCOM,66.1127,25796155,True
2025-10-23,QCOM,66.3635,42819821,True
2025-10-24,QCOM,65.9567,42801323,True
2025-10-27,QCOM,66.2147,33739858,True
2025-10-28,QCOM,67.9128,43940188,True
2025-10-29,QCOM,69.6748,34325628,True
2025-10-30,QCOM,70.5584,22258672,True
2025-10-31,QCOM,70.3728,36864713,True
2025-11-03,QCOM,70.0182,30099455,True
2025-11-04,QCOM,68.4181,30761915,True
2025-11-05,QCOM,65.6899,28834087,True
2025-11-06,QCOM,64.6643,38970634,True
2025-11-07,QCOM,64.9488,31848766,True
2025-11-10,QCOM,64.5404,23311744,True
2025-11-11,QCOM,62.7395,31323259,True
2025-11-12,QCOM,60.2748,33288915,True
2025-11-13,QCOM,60.9519,23138811,True
2025-11-14,QCOM,60.9574,24886878,True
2025-11-17,QCOM,60.1326,25207526,True
2025-11-18,QCOM,59.6638,23833065,True
2025-11-19,QCOM,61.1546,30268439,True
2025-11-20,QCOM,62.3097,35778383,True
2025-11-21,QCOM,61.8505,44522723,True
2025-11-24,QCOM,60.5468,37396575,True
2025-11-25,QCOM,60.0751,35817219,True
2025-11-26,QCOM,58.9824,36918295,True
2025-11-27,QCOM,59.1813,38734421,True
2025-11-28,QCOM,59.4686,25247567,True
2025-12-01,QCOM,58.7843,32993432,True
2025-12-02,QCOM,56.939,30068146,True
2025-12-03,QCOM,55.4851,26858187,True
2025-12-04,QCOM,54.539,24758519,True
2025-12-05,QCOM,55.1195,24448967,True
2025-12-08,QCOM,55.1803,25943209,True
2025-12-09,QCOM,53.7677,20373088,True
2025-12-10,QCOM,55.8616,31605638,True
2025-12-11,QCOM,57.0652,27589526,True
2025-12-12,QCOM,55.618,28486023,True
2025-12-15,QCOM,55.9717,30192090,True
2025-12-16,QCOM,57.4254,33252766,True
2025-12-17,QCOM,58.1375,23926067,True
2025-12-18,QCOM,57.5226,27013550,True
2025-12-19,QCOM,58.4732,18555788,True
2025-12-22,QCOM,58.6818,15925838,True
2025-12-23,QCOM,59.4765,17077880,True
2025-12-24,QCOM,58.7874,40736017,True
2025-12-25,QCOM,60.1424,17572109,True
2025-12-26,QCOM,61.8333,31216801,True
2025-12-29,QCOM,61.7644,40133542,True
2025-12-30,QCOM,62.6609,24741082,True
2025-12-31,QCOM,60.8073,41693994,True
2026-01-01,QCOM,62.6692,44023624,True
2026-01-02,QCOM,62.0257,35136555,True
2026-01-05,QCOM,63.2193,50202193,True
2026-01-06,QCOM,63.6504,32414006,True
2026-01-07,QCOM,62.9716,23122091,True
2026-01-08,QCOM,61.4862,31624541,True
2026-01-09,QCOM,62.4473,24846783,True
2026-01-12,QCOM,62.4814,20044008,True
2026-01-13,QCOM,61.8544,20182613,True
2026-01-14,QCOM,61.5511,49498247,True
2026-01-15,QCOM,61.684,24261003,True
2026-01-16,QCOM,59.9722,27614051,True
2026-01-19,QCOM,61.5619,23539116,True
2026-01-20,QCOM,60.4431,28766229,True
2026-01-21,QCOM,60.7775,26188692,True
2026-01-22,QCOM,62.1373,25093790,True
2026-01-23,QCOM,62.2357,20541950,True
2026-01-26,QCOM,61.064,19536034,True
2026-01-27,QCOM,60.4802,23095981,True
2026-01-28,QCOM,61.1333,29934023,True
2026-01-29,QCOM,61.0946,46762894,True
2026-01-30,QCOM,60.613,36214007,True
2026-02-02,QCOM,58.1897,43907784,True
2026-02-03,QCOM,58.474,31429655,True
2026-02-04,QCOM,58.2283,27243644,True
2026-02-05,QCOM,57.4794,19995055,True
2026-02-06,QCOM,58.0868,27866917,True
2026-02-09,QCOM,57.5359,16294900,True
2026-02-10,QCOM,58.9455,25842844,True
2026-02-11,QCOM,58.4904,41856704,True
2026-02-12,QCOM,57.7831,30252833,True
2026-02-13,QCOM,57.1997,36951249,True
2026-02-16,QCOM,56.111,25333372,True
2026-02-17,QCOM,55.8274,19761105,True
2026-02-18,QCOM,57.2503,24732817,True
2026-02-19,QCOM,58.6117,25250442,True
2026-02-20,QCOM,59.8371,37694672,True
2026-02-23,QCOM,59.6706,45699642,True
2026-02-24,QCOM,61.4835,23178424,True
2026-02-25,QCOM,60.6085,25500161,True
2026-02-26,QCOM,61.161,26901399,True
2026-02-27,QCOM,60.7345,25570398,True
2026-03-02,QCOM,60.6,20445636,True
2026-03-03,QCOM,60.1836,28562421,True
2026-03-04,QCOM,59.9703,30552939,True
2026-03-05,QCOM,58.7944,30737692,True
2026-03-06,QCOM,58.6337,20645584,True
2026-03-09,QCOM,60.6867,27132657,True
2026-03-10,QCOM,61.2219,18070866,True
2026-03-11,QCOM,60.9714,35083076,True
2026-03-12,QCOM,62.829,21639352,True
2026-03-13,QCOM,65.4909,26072926,True
2026-03-16,QCOM,66.0063,24961910,True
2026-03-17,QCOM,64.7527,24139887,True
2026-03-18,QCOM,64.1748,21435306,True
2026-03-19,QCOM,65.0593,17957115,True
2026-03-20,QCOM,65.1461,43085996,True
2026-03-23,QCOM,66.2389,29784152,True
2026-03-24,QCOM,64.0164,29860016,True
2026-03-25,QCOM,64.9515,47226446,True
2026-03-26,QCOM,65.1315,27252162,True
2026-03-27,QCOM,66.6609,32088341,True
2026-03-30,QCOM,65.4494,28096465,True
2026-03-31,QCOM,64.874,37610459,True
2026-04-01,QCOM,64.4544,31689300,True
2026-04-02,QCOM,65.2018,30240899,True
2026-04-03,QCOM,65.1092,26227757,True
2026-04-06,QCOM,67.0903,29982758,True
2026-04-07,QCOM,65.6747,37400523,True
2026-04-08,QCOM,65.8678,16636271,True
2026-04-09,QCOM,67.745,27073704,True
2026-04-10,QCOM,67.574,25189008,True
2026-04-13,QCOM,68.4355,25941150,True
2026-04-14,QCOM,66.5662,17063610,True
2026-04-15,QCOM,63.8505,33575469,True
2026-04-16,QCOM,62.9739,22637660,True
2026-04-17,QCOM,60.4219,26424032,True
2026-04-20,QCOM,61.2366,24657282,True
2026-04-21,QCOM,60.8349,18422042,True
2026-04-22,QCOM,59.749,25015925,True
2026-04-23,QCOM,60.0648,17647730,True
2026-04-24,QCOM,60.0723,22096932,True
2026-04-27,QCOM,58.9153,25849636,True
2026-04-28,QCOM,58.0488,27937044,True
2026-04-29,QCOM,59.2588,28359246,True
2026-04-30,QCOM,57.747,27024112,True
2026-05-01,QCOM,57.3565,47730802,True
2026-05-04,QCOM,55.9632,31187229,True
2026-05-05,QCOM,54.6426,20609434,True
2026-05-06,QCOM,55.4975,24001633,True
2026-05-07,QCOM,54.5422,23732105,True
2026-05-08,QCOM,55.1706,26758143,True
2026-05-11,QCOM,55.1396,24055066,True
2026-05-12,QCOM,55.0168,22586476,True
2026-05-13,QCOM,54.8718,42244730,True
2026-05-14,QCOM,55.8808,28281645,True
2026-05-15,QCOM,55.565,25711524,True
2026-05-18,QCOM,56.2593,26263159,True
2026-05-19,QCOM,55.2773,26497213,True
2026-05-20,QCOM,54.7588,39625403,True
2026-05-21,QCOM,54.9929,31528344,True
2026-05-22,QCOM,54.1739,37044295,True
2026-05-25,QCOM,52.8411,12830442,True
2026-05-26,QCOM,52.5191,30354822,True
2026-05-27,QCOM,53.0224,36461503,True
2026-05-28,QCOM,53.5447,45825956,True
2026-05-29,QCOM,53.3393,28187834,True
2026-06-01,QCOM,52.1024,18216997,True
2026-06-02,QCOM,51.3936,32422056,True
2026-06-03,QCOM,52.2816,24091359,True
2026-06-04,QCOM,50.8102,17879994,True
2026-06-05,QCOM,50.1617,23974417,True
2026-06-08,QCOM,50.5884,36442075,True
2026-06-09,QCOM,50.155,37796507,True
2026-06-10,QCOM,49.7059,33521014,True
2026-06-11,QCOM,48.6664,21537830,True
2026-06-12,QCOM,49.5735,52516540,True
2026-06-15,QCOM,50.5984,20896499,True
2026-06-16,QCOM,49.0687,27455262,True
2026-06-17,QCOM,49.5377,19507829,True
2026-06-18,QCOM,49.35,38916045,True
2026-06-19,QCOM,50.1423,31301372,True
2026-06-22,QCOM,50.6199,34962884,True
2026-06-23,QCOM,50.2832,28642505,True
2026-06-24,QCOM,45.8892,106871013,True
2026-06-25,QCOM,45.1242,113562692,True
2026-06-26,QCOM,43.9981,67811600,True
2026-06-29,QCOM,44.3128,139408777,True
2026-06-30,QCOM,43.6822,136633826,True
2024-11-20,TXN,101.9897,15596284,True
2024-11-21,TXN,101.4785,7783150,True
2024-11-22,TXN,101.0649,11920812,True
2024-11-25,TXN,100.5919,9375184,True
2024-11-26,TXN,97.6363,7401204,True
2024-11-27,TXN,97.0665,11815479,True
2024-11-28,TXN,97.5719,10925999,True
2024-11-29,TXN,97.7843,16390519,True
2024-12-02,TXN,97.1341,20162825,True
2024-12-03,TXN,97.121,10931211,True
2024-12-04,TXN,98.099,14785089,True
2024-12-05,TXN,98.401,14856845,True
2024-12-06,TXN,98.6553,10056102,True
2024-12-09,TXN,97.8823,9232162,True
2024-12-10,TXN,97.1182,17100756,True
2024-12-11,TXN,97.3326,10459253,True
2024-12-12,TXN,94.3963,11381286,True
2024-12-13,TXN,96.1016,10653896,True
2024-12-16,TXN,92.0571,11080665,True
2024-12-17,TXN,91.9204,9855726,True
2024-12-18,TXN,90.0143,13799059,True
2024-12-19,TXN,90.305,15655316,True
2024-12-20,TXN,90.0195,10438258,True
2024-12-23,TXN,89.04,8124906,True
2024-12-24,TXN,91.4429,11598971,True
2024-12-25,TXN,90.999,7910863,True
2024-12-26,TXN,89.4165,9768891,True
2024-12-27,TXN,88.9941,15556807,True
2024-12-30,TXN,89.495,20405244,True
2024-12-31,TXN,90.9399,12577059,True
2025-01-01,TXN,89.8888,8787196,True
2025-01-02,TXN,88.5198,13906874,True
2025-01-03,TXN,87.4081,6549671,True
2025-01-06,TXN,86.1994,9635838,True
2025-01-07,TXN,88.8149,16731651,True
2025-01-08,TXN,88.6755,13786472,True
2025-01-09,TXN,89.362,8124575,True
2025-01-10,TXN,90.725,7572424,True
2025-01-13,TXN,90.2096,14169140,True
2025-01-14,TXN,88.9432,11318891,True
2025-01-15,TXN,89.7725,9881349,True
2025-01-16,TXN,87.6902,12691148,True
2025-01-17,TXN,86.4511,9929146,True
2025-01-20,TXN,86.9833,7101054,True
2025-01-21,TXN,88.7092,14005587,True
2025-01-22,TXN,85.4023,9748403,True
2025-01-23,TXN,85.6282,8924210,True
2025-01-24,TXN,86.6348,8220084,True
2025-01-27,TXN,84.8415,12188557,True
2025-01-28,TXN,85.7867,9375455,True
2025-01-29,TXN,86.3299,13377895,True
2025-01-30,TXN,83.508,10716821,True
2025-01-31,TXN,82.0394,14986699,True
2025-02-03,TXN,81.6727,10404237,True
2025-02-04,TXN,81.3021,9734712,True
2025-02-05,TXN,81.0252,7017593,True
2025-02-06,TXN,79.7957,8715022,True
2025-02-07,TXN,79.486,13701630,True
2025-02-10,TXN,81.6811,24492944,True
2025-02-11,TXN,80.5333,8389809,True
2025-02-12,TXN,80.5407,8848735,True
2025-02-13,TXN,80.8391,12459076,True
2025-02-14,TXN,82.0027,12898869,True
2025-02-17,TXN,82.0596,9679546,True
2025-02-18,TXN,83.6466,11681678,True
2025-02-19,TXN,79.9444,7679602,True
2025-02-20,TXN,78.821,10637425,True
2025-02-21,TXN,78.8308,14332565,True
2025-02-24,TXN,77.3075,17201366,True
2025-02-25,TXN,75.9483,10988341,True
2025-02-26,TXN,78.2278,10740809,True
2025-02-27,TXN,76.56,12821201,True
2025-02-28,TXN,74.9591,15088371,True
2025-03-03,TXN,74.9071,12932866,True
2025-03-04,TXN,76.4503,9505397,True
2025-03-05,TXN,74.6612,12519845,True
2025-03-06,TXN,75.2716,14575838,True
2025-03-07,TXN,74.0881,9596248,True
2025-03-10,TXN,73.4937,8218475,True
2025-03-11,TXN,73.4618,13005414,True
2025-03-12,TXN,73.0062,12551325,True
2025-03-13,TXN,71.1583,14573147,True
2025-03-14,TXN,71.9072,11715117,True
2025-03-17,TXN,71.8717,9762913,True
2025-03-18,TXN,73.7289,10280152,True
2025-03-19,TXN,73.554,8873687,True
2025-03-20,TXN,72.3698,9057104,True
2025-03-21,TXN,71.1672,9969092,True
2025-03-24,TXN,72.7401,10164449,True
2025-03-25,TXN,73.104,15124264,True
2025-03-26,TXN,72.1818,8450032,True
2025-03-27,TXN,72.7585,11329768,True
2025-03-28,TXN,73.5606,9903488,True
2025-03-31,TXN,73.128,16601846,True
2025-04-01,TXN,73.648,12240424,True
2025-04-02,TXN,74.9366,10451881,True
2025-04-03,TXN,75.1904,14045503,True
2025-04-04,TXN,75.1266,11662416,True
2025-04-07,TXN,73.3498,10191041,True
2025-04-08,TXN,72.8757,16804040,True
2025-04-09,TXN,72.8893,13691112,True
2025-04-10,TXN,71.166,17638638,True
2025-04-11,TXN,72.5719,15299307,True
2025-04-14,TXN,72.5204,13915368,True
2025-04-15,TXN,72.9539,11860279,True
2025-04-16,TXN,72.7226,8765145,True
2025-04-17,TXN,74.0812,13692518,True
2025-04-18,TXN,74.7038,11688652,True
2025-04-21,TXN,75.1138,13580201,True
2025-04-22,TXN,74.4798,11458633,True
2025-04-23,TXN,75.7302,9673674,True
2025-04-24,TXN,76.1496,8942812,True
2025-04-25,TXN,77.4896,13665280,True
2025-04-28,TXN,76.9493,15834609,True
2025-04-29,TXN,77.2414,10693132,True
2025-04-30,TXN,77.0388,12860401,True
2025-05-01,TXN,76.6411,16201695,True
2025-05-02,TXN,75.2949,9336709,True
2025-05-05,TXN,76.2732,10557527,True
2025-05-06,TXN,74.0261,8699973,True
2025-05-07,TXN,73.1396,15401390,True
2025-05-08,TXN,73.5107,12264999,True
2025-05-09,TXN,72.1965,10246550,True
2025-05-12,TXN,71.8651,7616940,True
2025-05-13,TXN,70.793,10991325,True
2025-05-14,TXN,70.7636,14726901,True
2025-05-15,TXN,69.396,10681141,True
2025-05-16,TXN,70.0497,10345899,True
2025-05-19,TXN,68.8728,13480133,True
2025-05-20,TXN,68.5004,8464780,True
2025-05-21,TXN,68.105,11648041,True
2025-05-22,TXN,69.5745,13340214,True
2025-05-23,TXN,70.5545,9475789,True
2025-05-26,TXN,70.3961,9359946,True
2025-05-27,TXN,71.9253,12230589,True
2025-05-28,TXN,71.8521,11220769,True
2025-05-29,TXN,70.8632,10847520,True
2025-05-30,TXN,71.4326,12109616,True
2025-06-02,TXN,72.2631,12156125,True
2025-06-03,TXN,71.6288,9141980,True
2025-06-04,TXN,72.7219,9749647,True
2025-06-05,TXN,73.3459,12860723,True
2025-06-06,TXN,73.8786,15198184,True
2025-06-09,TXN,74.5694,16102400,True
2025-06-10,TXN,74.6279,9325904,True
2025-06-11,TXN,71.5797,15098103,True
2025-06-12,TXN,72.4613,13892007,True
2025-06-13,TXN,72.8303,11423646,True
2025-06-16,TXN,74.6312,12992803,True
2025-06-17,TXN,74.1858,14142388,True
2025-06-18,TXN,72.5407,17937140,True
2025-06-19,TXN,72.2199,8862172,True
2025-06-20,TXN,71.8383,13365342,True
2025-06-23,TXN,70.5353,11123154,True
2025-06-24,TXN,71.3743,10940023,True
2025-06-25,TXN,71.0422,15305542,True
2025-06-26,TXN,69.6384,14108329,True
2025-06-27,TXN,69.0515,8955404,True
2025-06-30,TXN,71.0323,10737693,True
2025-07-01,TXN,70.5738,12187729,True
2025-07-02,TXN,71.3546,8116768,True
2025-07-03,TXN,70.7496,14270731,True
2025-07-04,TXN,72.5769,11309293,True
2025-07-07,TXN,71.9049,11995045,True
2025-07-08,TXN,72.6297,12521083,True
2025-07-09,TXN,70.7205,18028117,True
2025-07-10,TXN,69.5584,11627934,True
2025-07-11,TXN,71.049,10547939,True
2025-07-14,TXN,71.0204,17727935,True
2025-07-15,TXN,69.7568,10178601,True
2025-07-16,TXN,69.6667,10120541,True
2025-07-17,TXN,68.7103,8175593,True
2025-07-18,TXN,68.9324,15062148,True
2025-07-21,TXN,68.7102,12329295,True
2025-07-22,TXN,69.7925,12952848,True
2025-07-23,TXN,69.8324,12010938,True
2025-07-24,TXN,70.4048,11148444,True
2025-07-25,TXN,69.6171,9492559,True
2025-07-28,TXN,69.2777,9503633,True
2025-07-29,TXN,69.0906,12829734,True
2025-07-30,TXN,69.1235,11888382,True
2025-07-31,TXN,69.0663,17263955,True
2025-08-01,TXN,70.2516,9554408,True
2025-08-04,TXN,69.6122,10222156,True
2025-08-05,TXN,68.8957,8958800,True
2025-08-06,TXN,70.5737,16217134,True
2025-08-07,TXN,70.0096,8501447,True
2025-08-08,TXN,71.0159,13957989,True
2025-08-11,TXN,70.9843,16460011,True
2025-08-12,TXN,69.0859,11140664,True
2025-08-13,TXN,67.7379,13798821,True
2025-08-14,TXN,67.9141,6816048,True
2025-08-15,TXN,69.0198,10483390,True
2025-08-18,TXN,68.6998,7654965,True
2025-08-19,TXN,69.4459,12036577,True
2025-08-20,TXN,69.0289,11561851,True
2025-08-21,TXN,69.6824,9539075,True
2025-08-22,TXN,70.8685,14571949,True
2025-08-25,TXN,70.8197,12597128,True
2025-08-26,TXN,73.8319,10137721,True
2025-08-27,TXN,73.1479,10164581,True
2025-08-28,TXN,75.4048,8022820,True
2025-08-29,TXN,75.7653,11021490,True
2025-09-01,TXN,76.3095,19483103,True
2025-09-02,TXN,77.9678,9680436,True
2025-09-03,TXN,79.5251,12804528,True
2025-09-04,TXN,77.6801,10077026,True
2025-09-05,TXN,78.0148,14075902,True
2025-09-08,TXN,77.4585,12866307,True
2025-09-09,TXN,76.1225,10894694,True
2025-09-10,TXN,77.0122,7428042,True
2025-09-11,TXN,77.8366,10165138,True
2025-09-12,TXN,77.0608,15526202,True
2025-09-15,TXN,76.28,10866779,True
2025-09-16,TXN,77.6055,13483282,True
2025-09-17,TXN,77.5498,10250353,True
2025-09-18,TXN,76.3677,7278127,True
2025-09-19,TXN,76.0664,12825421,True
2025-09-22,TXN,75.4648,12493127,True
2025-09-23,TXN,73.7189,10005830,True
2025-09-24,TXN,73.1606,10533513,True
2025-09-25,TXN,73.5914,12401053,True
2025-09-26,TXN,72.3326,9971674,True
2025-09-29,TXN,71.977,12574775,True
2025-09-30,TXN,72.9081,10978432,True
2025-10-01,TXN,73.4741,6447715,True
2025-10-02,TXN,73.438,11141306,True
2025-10-03,TXN,73.4427,9962179,True
2025-10-06,TXN,74.1197,9388966,True
2025-10-07,TXN,73.035,12753627,True
2025-10-08,TXN,72.5003,10233730,True
2025-10-09,TXN,70.9112,13194559,True
2025-10-10,TXN,70.9665,15129471,True
2025-10-13,TXN,69.4762,11963673,True
2025-10-14,TXN,70.1075,7877534,True
2025-10-15,TXN,70.0347,9638996,True
2025-10-16,TXN,70.4162,14471680,True
2025-10-17,TXN,69.0697,10834736,True
2025-10-20,TXN,70.5416,9462264,True
2025-10-21,TXN,70.566,11296234,True
2025-10-22,TXN,70.6861,13080883,True
2025-10-23,TXN,71.938,12315455,True
2025-10-24,TXN,72.7524,13550739,True
2025-10-27,TXN,72.7154,9422562,True
2025-10-28,TXN,76.1646,10795047,True
2025-10-29,TXN,77.5407,10856111,True
2025-10-30,TXN,77.4411,11491879,True
2025-10-31,TXN,75.2093,6884151,True
2025-11-03,TXN,75.8326,10899277,True
2025-11-04,TXN,73.4201,8294868,True
2025-11-05,TXN,70.7743,16292102,True
2025-11-06,TXN,71.4314,16975440,True
2025-11-07,TXN,72.8428,17507538,True
2025-11-10,TXN,72.2643,14117843,True
2025-11-11,TXN,71.8351,10250806,True
2025-11-12,TXN,69.7831,14651025,True
2025-11-13,TXN,71.7445,10999755,True
2025-11-14,TXN,71.2572,13445218,True
2025-11-17,TXN,71.4637,9249279,True
2025-11-18,TXN,71.6647,9998689,True
2025-11-19,TXN,72.242,12968855,True
2025-11-20,TXN,72.627,17916306,True
2025-11-21,TXN,72.7546,11491023,True
2025-11-24,TXN,72.0078,20181206,True
2025-11-25,TXN,71.5412,22848253,True
2025-11-26,TXN,71.2813,8423516,True
2025-11-27,TXN,70.6642,11486340,True
2025-11-28,TXN,70.8953,9140152,True
2025-12-01,TXN,69.2013,11174246,True
2025-12-02,TXN,68.9535,10135109,True
2025-12-03,TXN,69.0386,11375940,True
2025-12-04,TXN,68.7387,14680060,True
2025-12-05,TXN,68.5189,14588418,True
2025-12-08,TXN,68.9529,12334861,True
2025-12-09,TXN,67.5003,11575896,True
2025-12-10,TXN,67.3062,11912271,True
2025-12-11,TXN,68.1027,11937629,True
2025-12-12,TXN,65.2966,13331910,True
2025-12-15,TXN,65.2163,11584702,True
2025-12-16,TXN,65.4776,13101075,True
2025-12-17,TXN,65.9265,8371380,True
2025-12-18,TXN,64.2882,14076431,True
2025-12-19,TXN,65.0289,17821520,True
2025-12-22,TXN,64.9005,12108508,True
2025-12-23,TXN,65.1486,8159534,True
2025-12-24,TXN,64.0254,16160179,True
2025-12-25,TXN,65.4285,10668080,True
2025-12-26,TXN,67.6383,5527890,True
2025-12-29,TXN,68.2471,10965669,True
2025-12-30,TXN,69.84,13443398,True
2025-12-31,TXN,67.8216,12727198,True
2026-01-01,TXN,69.4449,15729935,True
2026-01-02,TXN,69.922,13495832,True
2026-01-05,TXN,70.9101,11937823,True
2026-01-06,TXN,71.5333,7101969,True
2026-01-07,TXN,70.7699,8788834,True
2026-01-08,TXN,71.5531,12101613,True
2026-01-09,TXN,70.2098,13687287,True
2026-01-12,TXN,69.9098,8979994,True
2026-01-13,TXN,70.1557,9951296,True
2026-01-14,TXN,70.9651,13004353,True
2026-01-15,TXN,70.4396,7219243,True
2026-01-16,TXN,68.9993,7153896,True
2026-01-19,TXN,69.0195,10937534,True
2026-01-20,TXN,68.0037,12323108,True
2026-01-21,TXN,69.6601,10284485,True
2026-01-22,TXN,70.8587,6564842,True
2026-01-23,TXN,70.5385,11644931,True
2026-01-26,TXN,69.8623,8335551,True
2026-01-27,TXN,67.904,13611647,True
2026-01-28,TXN,67.5717,11293162,True
2026-01-29,TXN,67.4319,12361601,True
2026-01-30,TXN,67.5946,13570135,True
2026-02-02,TXN,66.4571,10164962,True
2026-02-03,TXN,66.7276,14209267,True
2026-02-04,TXN,65.3139,15750460,True
2026-02-05,TXN,64.0126,12773774,True
2026-02-06,TXN,63.2593,16091403,True
2026-02-09,TXN,62.7622,9916690,True
2026-02-10,TXN,63.7983,14526051,True
2026-02-11,TXN,63.8604,12377766,True
2026-02-12,TXN,63.5688,9071749,True
2026-02-13,TXN,63.687,11358209,True
2026-02-16,TXN,62.4065,10157238,True
2026-02-17,TXN,61.5215,10101454,True
2026-02-18,TXN,62.0749,11832442,True
2026-02-19,TXN,62.3238,15061958,True
2026-02-20,TXN,61.0959,10706230,True
2026-02-23,TXN,59.8715,11944816,True
2026-02-24,TXN,62.1103,8053581,True
2026-02-25,TXN,61.4233,11892072,True
2026-02-26,TXN,60.1855,15409858,True
2026-02-27,TXN,61.0341,14153374,True
2026-03-02,TXN,61.4061,13026200,True
2026-03-03,TXN,60.3091,10166973,True
2026-03-04,TXN,60.1309,9099359,True
2026-03-05,TXN,59.8359,11316553,True
2026-03-06,TXN,60.2261,8316727,True
2026-03-09,TXN,60.9592,8533991,True
2026-03-10,TXN,60.9331,14625604,True
2026-03-11,TXN,60.8945,9229615,True
2026-03-12,TXN,60.9833,18066714,True
2026-03-13,TXN,63.4483,8131639,True
2026-03-16,TXN,61.6922,12883801,True
2026-03-17,TXN,60.7872,8666315,True
2026-03-18,TXN,60.6661,12093902,True
2026-03-19,TXN,61.2218,8952856,True
2026-03-20,TXN,62.8321,11699938,True
2026-03-23,TXN,64.4619,11142944,True
2026-03-24,TXN,65.1298,10357425,True
2026-03-25,TXN,64.3481,13147236,True
2026-03-26,TXN,63.9225,16828784,True
2026-03-27,TXN,65.51,10005000,True
2026-03-30,TXN,64.1515,14417816,True
2026-03-31,TXN,63.7418,11827330,True
2026-04-01,TXN,63.3361,11496216,True
2026-04-02,TXN,63.0748,19934255,True
2026-04-03,TXN,62.6007,6766558,True
2026-04-06,TXN,63.0683,9785363,True
2026-04-07,TXN,61.1841,7397479,True
2026-04-08,TXN,62.1181,10716924,True
2026-04-09,TXN,61.9699,10943064,True
2026-04-10,TXN,63.4043,29758767,True
2026-04-13,TXN,64.9285,12619220,True
2026-04-14,TXN,64.2371,18066141,True
2026-04-15,TXN,63.2512,15974196,True
2026-04-16,TXN,61.5546,10385014,True
2026-04-17,TXN,60.8461,13040971,True
2026-04-20,TXN,61.1353,17510057,True
2026-04-21,TXN,62.1108,12089492,True
2026-04-22,TXN,61.7041,12196575,True
2026-04-23,TXN,62.2633,13117427,True
2026-04-24,TXN,61.4185,7979287,True
2026-04-27,TXN,60.3575,9471021,True
2026-04-28,TXN,59.2144,12588198,True
2026-04-29,TXN,59.5858,13256786,True
2026-04-30,TXN,59.4487,9224015,True
2026-05-01,TXN,58.9488,10689351,True
2026-05-04,TXN,57.7346,11233275,True
2026-05-05,TXN,57.2822,11153657,True
2026-05-06,TXN,57.4747,13749446,True
2026-05-07,TXN,57.6013,11888341,True
2026-05-08,TXN,56.3251,12064518,True
2026-05-11,TXN,56.1331,8154842,True
2026-05-12,TXN,57.3263,8918212,True
2026-05-13,TXN,56.9414,12537601,True
2026-05-14,TXN,57.2796,7798532,True
2026-05-15,TXN,57.7859,12375624,True
2026-05-18,TXN,57.5736,9826376,True
2026-05-19,TXN,57.2994,9464325,True
2026-05-20,TXN,56.7964,13589054,True
2026-05-21,TXN,56.3422,9785806,True
2026-05-22,TXN,55.8494,9354619,True
2026-05-25,TXN,54.6863,9787413,True
2026-05-26,TXN,54.6626,11736476,True
2026-05-27,TXN,55.9609,22866082,True
2026-05-28,TXN,56.3241,6839663,True
2026-05-29,TXN,54.9543,11510927,True
2026-06-01,TXN,53.7217,10893145,True
2026-06-02,TXN,53.2503,14644762,True
2026-06-03,TXN,52.7743,10548347,True
2026-06-04,TXN,53.4689,6263503,True
2026-06-05,TXN,52.3177,16063492,True
2026-06-08,TXN,53.6336,8819389,True
2026-06-09,TXN,53.6098,11387151,True
2026-06-10,TXN,53.6216,8229545,True
2026-06-11,TXN,53.1242,8805470,True
2026-06-12,TXN,53.1705,10214934,True
2026-06-15,TXN,54.5881,14293938,True
2026-06-16,TXN,53.3997,14241196,True
2026-06-17,TXN,54.1856,9957695,True
2026-06-18,TXN,54.7486,13083291,True
2026-06-19,TXN,55.2424,10528978,True
2026-06-22,TXN,54.8326,11873941,True
2026-06-23,TXN,54.9121,11999053,True
2026-06-24,TXN,49.5209,53598411,True
2026-06-25,TXN,47.3557,39435317,True
2026-06-26,TXN,45.0563,44458619,True
2026-06-29,TXN,45.0132,48490877,True
2026-06-30,TXN,43.9346,46974728,True
2024-11-20,ADI,100.99,30168449,True
2024-11-21,ADI,100.2997,46524945,True
2024-11-22,ADI,101.1283,24352083,True
2024-11-25,ADI,98.6442,24007055,True
2024-11-26,ADI,99.5496,37594528,True
2024-11-27,ADI,99.1858,21969209,True
2024-11-28,ADI,98.1938,29760803,True
2024-11-29,ADI,98.8832,43075177,True
2024-12-02,ADI,100.5335,32579594,True
2024-12-03,ADI,100.1805,28926544,True
2024-12-04,ADI,99.3067,27324512,True
2024-12-05,ADI,98.7882,25962965,True
2024-12-06,ADI,99.7652,28135025,True
2024-12-09,ADI,97.1803,33664835,True
2024-12-10,ADI,96.2613,44251272,True
2024-12-11,ADI,95.7154,41312091,True
2024-12-12,ADI,96.7418,28296901,True
2024-12-13,ADI,96.6664,27156819,True
2024-12-16,ADI,95.2303,38623595,True
2024-12-17,ADI,93.3896,20771929,True
2024-12-18,ADI,90.5345,29178404,True
2024-12-19,ADI,90.699,30006661,True
2024-12-20,ADI,90.8051,24709358,True
2024-12-23,ADI,89.0272,25420479,True
2024-12-24,ADI,90.8137,35410869,True
2024-12-25,ADI,90.7938,21593569,True
2024-12-26,ADI,88.2993,25916862,True
2024-12-27,ADI,87.9323,27670774,True
2024-12-30,ADI,87.6883,33127133,True
2024-12-31,ADI,87.7253,23136270,True
2025-01-01,ADI,85.8155,42436034,True
2025-01-02,ADI,85.2002,30067877,True
2025-01-03,ADI,84.1445,30419524,True
2025-01-06,ADI,81.6541,29654823,True
2025-01-07,ADI,82.4194,27458338,True
2025-01-08,ADI,80.5088,25447227,True
2025-01-09,ADI,81.1446,43023669,True
2025-01-10,ADI,81.2443,34068211,True
2025-01-13,ADI,79.8788,31529638,True
2025-01-14,ADI,79.5461,41405009,True
2025-01-15,ADI,81.7487,27169928,True
2025-01-16,ADI,82.3561,37816494,True
2025-01-17,ADI,79.1434,32548120,True
2025-01-20,ADI,80.2988,25988117,True
2025-01-21,ADI,82.2452,39025732,True
2025-01-22,ADI,80.0959,22377354,True
2025-01-23,ADI,79.6213,37978206,True
2025-01-24,ADI,79.2938,26004086,True
2025-01-27,ADI,79.3666,35763262,True
2025-01-28,ADI,81.6484,45434428,True
2025-01-29,ADI,81.4174,37177508,True
2025-01-30,ADI,79.4912,27859314,True
2025-01-31,ADI,79.551,32081859,True
2025-02-03,ADI,80.0841,29506304,True
2025-02-04,ADI,81.8671,24192725,True
2025-02-05,ADI,80.9036,24585878,True
2025-02-06,ADI,80.1524,32632581,True
2025-02-07,ADI,79.2739,36843651,True
2025-02-10,ADI,80.849,20899006,True
2025-02-11,ADI,80.5043,31695098,True
2025-02-12,ADI,81.3174,36541258,True
2025-02-13,ADI,79.715,33130489,True
2025-02-14,ADI,79.0307,25190569,True
2025-02-17,ADI,79.205,41587190,True
2025-02-18,ADI,80.1778,23894375,True
2025-02-19,ADI,79.8902,37791445,True
2025-02-20,ADI,79.2535,47767537,True
2025-02-21,ADI,79.2315,19497903,True
2025-02-24,ADI,77.8684,34308480,True
2025-02-25,ADI,77.3005,34779508,True
2025-02-26,ADI,77.3366,34035042,True
2025-02-27,ADI,75.347,26652397,True
2025-02-28,ADI,75.0021,29807284,True
2025-03-03,ADI,73.9208,22825337,True
2025-03-04,ADI,76.4923,33234862,True
2025-03-05,ADI,76.0186,36707888,True
2025-03-06,ADI,75.3817,27312106,True
2025-03-07,ADI,74.5464,25617740,True
2025-03-10,ADI,74.9252,28628349,True
2025-03-11,ADI,75.9774,32084240,True
2025-03-12,ADI,76.0757,32629997,True
2025-03-13,ADI,73.9778,31331994,True
2025-03-14,ADI,72.6424,32684365,True
2025-03-17,ADI,74.1498,23292861,True
2025-03-18,ADI,74.5699,16439217,True
2025-03-19,ADI,73.9086,37381633,True
2025-03-20,ADI,73.7153,45542918,True
2025-03-21,ADI,73.62,22687745,True
2025-03-24,ADI,73.2886,27277676,True
2025-03-25,ADI,74.6361,34571706,True
2025-03-26,ADI,73.9307,40577899,True
2025-03-27,ADI,74.9701,37648949,True
2025-03-28,ADI,75.2192,43933925,True
2025-03-31,ADI,74.8359,31684777,True
2025-04-01,ADI,75.16,35537594,True
2025-04-02,ADI,76.0982,35512814,True
2025-04-03,ADI,75.9769,28875838,True
2025-04-04,ADI,76.2109,43102626,True
2025-04-07,ADI,73.7272,37400299,True
2025-04-08,ADI,71.5227,40798908,True
2025-04-09,ADI,71.5232,29169699,True
2025-04-10,ADI,71.1879,41316990,True
2025-04-11,ADI,70.8503,24788460,True
2025-04-14,ADI,70.7392,35340810,True
2025-04-15,ADI,72.3057,16913917,True
2025-04-16,ADI,72.6998,25057735,True
2025-04-17,ADI,73.2846,38431473,True
2025-04-18,ADI,72.7359,28731914,True
2025-04-21,ADI,71.7871,33475656,True
2025-04-22,ADI,71.3527,21565004,True
2025-04-23,ADI,70.9875,46862215,True
2025-04-24,ADI,72.3253,37120035,True
2025-04-25,ADI,71.8565,31874520,True
2025-04-28,ADI,72.126,35513219,True
2025-04-29,ADI,70.6544,34756878,True
2025-04-30,ADI,69.3053,45355222,True
2025-05-01,ADI,68.2268,33802534,True
2025-05-02,ADI,67.5776,22373771,True
2025-05-05,ADI,67.8898,30128462,True
2025-05-06,ADI,66.7917,43909137,True
2025-05-07,ADI,67.1421,36867276,True
2025-05-08,ADI,67.016,28935852,True
2025-05-09,ADI,67.9649,37235780,True
2025-05-12,ADI,66.3339,32999602,True
2025-05-13,ADI,64.7349,37229024,True
2025-05-14,ADI,64.5054,21756812,True
2025-05-15,ADI,64.0934,25748934,True
2025-05-16,ADI,63.9893,37748467,True
2025-05-19,ADI,63.0121,30371418,True
2025-05-20,ADI,62.687,34952401,True
2025-05-21,ADI,62.5763,51778522,True
2025-05-22,ADI,63.3089,29718956,True
2025-05-23,ADI,62.7863,34023581,True
2025-05-26,ADI,61.5258,27988193,True
2025-05-27,ADI,63.1851,27528381,True
2025-05-28,ADI,64.0625,31491663,True
2025-05-29,ADI,64.9025,22485559,True
2025-05-30,ADI,65.4738,19175457,True
2025-06-02,ADI,65.292,44776973,True
2025-06-03,ADI,64.6259,31271045,True
2025-06-04,ADI,65.6768,42208739,True
2025-06-05,ADI,64.4044,33045474,True
2025-06-06,ADI,64.6534,33262359,True
2025-06-09,ADI,63.1015,37783544,True
2025-06-10,ADI,62.577,38225729,True
2025-06-11,ADI,60.6751,23903566,True
2025-06-12,ADI,60.8792,43085686,True
2025-06-13,ADI,61.718,25302628,True
2025-06-16,ADI,62.2826,33708349,True
2025-06-17,ADI,62.1684,59886564,True
2025-06-18,ADI,60.895,32710970,True
2025-06-19,ADI,60.6591,48199667,True
2025-06-20,ADI,61.2175,29466612,True
2025-06-23,ADI,59.7865,37268773,True
2025-06-24,ADI,59.8805,32481981,True
2025-06-25,ADI,58.2427,35524300,True
2025-06-26,ADI,56.6512,26033503,True
2025-06-27,ADI,55.7696,25635447,True
2025-06-30,ADI,57.0291,34819382,True
2025-07-01,ADI,56.1663,21901855,True
2025-07-02,ADI,55.8109,26105091,True
2025-07-03,ADI,57.6996,37523821,True
2025-07-04,ADI,59.1133,27605817,True
2025-07-07,ADI,58.1737,25824390,True
2025-07-08,ADI,57.7263,24477860,True
2025-07-09,ADI,58.44,33255614,True
2025-07-10,ADI,58.1829,29354716,True
2025-07-11,ADI,59.1536,33278053,True
2025-07-14,ADI,59.7836,30643275,True
2025-07-15,ADI,59.4336,50408606,True
2025-07-16,ADI,59.3571,28841252,True
2025-07-17,ADI,59.4324,19895712,True
2025-07-18,ADI,59.1931,33008094,True
2025-07-21,ADI,58.9014,32102689,True
2025-07-22,ADI,58.0524,33332059,True
2025-07-23,ADI,58.1694,21686997,True
2025-07-24,ADI,59.315,42290411,True
2025-07-25,ADI,57.5832,31840987,True
2025-07-28,ADI,57.9753,31751885,True
2025-07-29,ADI,58.3421,21811675,True
2025-07-30,ADI,57.0148,36010814,True
2025-07-31,ADI,57.1444,31578139,True
2025-08-01,ADI,56.592,44600733,True
2025-08-04,ADI,57.0835,28995226,True
2025-08-05,ADI,55.6348,23744335,True
2025-08-06,ADI,54.7694,33106935,True
2025-08-07,ADI,54.9794,25685139,True
2025-08-08,ADI,56.4322,35503010,True
2025-08-11,ADI,55.3582,24648447,True
2025-08-12,ADI,54.1956,31093916,True
2025-08-13,ADI,54.1174,30363647,True
2025-08-14,ADI,54.9223,31820817,True
2025-08-15,ADI,56.2058,28311436,True
2025-08-18,ADI,55.3777,26340188,True
2025-08-19,ADI,55.0426,31625934,True
2025-08-20,ADI,54.1745,27866415,True
2025-08-21,ADI,54.8014,33300570,True
2025-08-22,ADI,55.7449,30032819,True
2025-08-25,ADI,56.4541,18584720,True
2025-08-26,ADI,57.1,31607480,True
2025-08-27,ADI,56.4043,44969065,True
2025-08-28,ADI,56.944,34539747,True
2025-08-29,ADI,57.8837,37110221,True
2025-09-01,ADI,59.0347,35840126,True
2025-09-02,ADI,59.6245,28632650,True
2025-09-03,ADI,59.8244,23214768,True
2025-09-04,ADI,60.1515,39050450,True
2025-09-05,ADI,60.6758,41439096,True
2025-09-08,ADI,62.9185,36812276,True
2025-09-09,ADI,62.1827,35564032,True
2025-09-10,ADI,63.3864,35309504,True
2025-09-11,ADI,63.7226,31871906,True
2025-09-12,ADI,62.358,34290507,True
2025-09-15,ADI,61.3357,32181738,True
2025-09-16,ADI,60.7677,34724810,True
2025-09-17,ADI,60.1589,25529254,True
2025-09-18,ADI,59.5975,27556478,True
2025-09-19,ADI,59.9503,36820255,True
2025-09-22,ADI,59.6432,29567120,True
2025-09-23,ADI,58.5607,17886493,True
2025-09-24,ADI,58.0396,33074736,True
2025-09-25,ADI,57.6578,18477298,True
2025-09-26,ADI,57.3973,50915165,True
2025-09-29,ADI,57.2469,38182696,True
2025-09-30,ADI,57.7676,37749267,True
2025-10-01,ADI,58.2132,27350459,True
2025-10-02,ADI,57.9273,24460739,True
2025-10-03,ADI,57.7329,30504552,True
2025-10-06,ADI,57.1365,32261427,True
2025-10-07,ADI,57.2697,26671042,True
2025-10-08,ADI,58.8508,33359344,True
2025-10-09,ADI,58.7609,37889612,True
2025-10-10,ADI,58.3023,37102002,True
2025-10-13,ADI,57.6039,25015233,True
2025-10-14,ADI,58.1828,19090012,True
2025-10-15,ADI,57.8063,32149445,True
2025-10-16,ADI,58.959,27419960,True
2025-10-17,ADI,58.4125,35769192,True
2025-10-20,ADI,58.2641,47663640,True
2025-10-21,ADI,58.271,47653112,True
2025-10-22,ADI,58.0045,34427753,True
2025-10-23,ADI,58.8413,41942573,True
2025-10-24,ADI,59.198,47690811,True
2025-10-27,ADI,58.9445,32507702,True
2025-10-28,ADI,59.9566,34322770,True
2025-10-29,ADI,61.181,39448884,True
2025-10-30,ADI,60.5943,31887272,True
2025-10-31,ADI,58.2617,28538883,True
2025-11-03,ADI,57.5704,26878098,True
2025-11-04,ADI,56.7052,32225061,True
2025-11-05,ADI,54.3474,27730428,True
2025-11-06,ADI,54.2937,38957085,True
2025-11-07,ADI,54.5704,29719898,True
2025-11-10,ADI,54.093,45697400,True
2025-11-11,ADI,52.7012,43018381,True
2025-11-12,ADI,50.8375,23940486,True
2025-11-13,ADI,50.7482,41705265,True
2025-11-14,ADI,50.7991,29254022,True
2025-11-17,ADI,50.867,44708122,True
2025-11-18,ADI,50.4276,36427235,True
2025-11-19,ADI,50.6383,31878757,True
2025-11-20,ADI,51.2895,37849483,True
2025-11-21,ADI,52.8026,28221707,True
2025-11-24,ADI,52.0832,34879832,True
2025-11-25,ADI,51.7836,35354482,True
2025-11-26,ADI,52.8581,31141929,True
2025-11-27,ADI,53.005,35381855,True
2025-11-28,ADI,54.4287,25420772,True
2025-12-01,ADI,52.0195,36861413,True
2025-12-02,ADI,52.6482,24178663,True
2025-12-03,ADI,52.5698,37450261,True
2025-12-04,ADI,51.1423,36132606,True
2025-12-05,ADI,51.8424,38236421,True
2025-12-08,ADI,52.7892,28281735,True
2025-12-09,ADI,53.1115,66583967,True
2025-12-10,ADI,55.245,30617504,True
2025-12-11,ADI,55.8398,33513737,True
2025-12-12,ADI,53.9836,27015719,True
2025-12-15,ADI,54.1471,45460518,True
2025-12-16,ADI,54.9396,28918510,True
2025-12-17,ADI,55.1478,40984179,True
2025-12-18,ADI,54.1658,25847400,True
2025-12-19,ADI,54.5564,34848968,True
2025-12-22,ADI,55.1986,29642538,True
2025-12-23,ADI,56.3284,40407800,True
2025-12-24,ADI,57.7284,30225630,True
2025-12-25,ADI,59.9482,26387941,True
2025-12-26,ADI,60.8736,36076585,True
2025-12-29,ADI,60.4497,24410375,True
2025-12-30,ADI,59.6979,25823928,True
2025-12-31,ADI,57.086,38907254,True
2026-01-01,ADI,58.5942,20794562,True
2026-01-02,ADI,58.448,38840981,True
2026-01-05,ADI,58.5112,29497347,True
2026-01-06,ADI,59.0347,26112224,True
2026-01-07,ADI,59.48,34388612,True
2026-01-08,ADI,58.6594,37707807,True
2026-01-09,ADI,58.4688,28265361,True
2026-01-12,ADI,58.6333,31145076,True
2026-01-13,ADI,58.8395,39264388,True
2026-01-14,ADI,59.7525,38833304,True
2026-01-15,ADI,60.5594,32102616,True
2026-01-16,ADI,58.8754,27081397,True
2026-01-19,ADI,59.2314,25982481,True
2026-01-20,ADI,58.5958,28235013,True
2026-01-21,ADI,60.6887,38193166,True
2026-01-22,ADI,62.4516,37289039,True
2026-01-23,ADI,61.8215,34960059,True
2026-01-26,ADI,61.707,45228378,True
2026-01-27,ADI,59.9069,30319096,True
2026-01-28,ADI,60.1124,29758119,True
2026-01-29,ADI,60.5516,29727210,True
2026-01-30,ADI,59.8113,51164889,True
2026-02-02,ADI,58.1176,20031853,True
2026-02-03,ADI,57.9681,34896746,True
2026-02-04,ADI,57.3905,36210166,True
2026-02-05,ADI,56.2229,33075429,True
2026-02-06,ADI,56.4105,56591136,True
2026-02-09,ADI,54.9962,42998167,True
2026-02-10,ADI,55.4519,39128233,True
2026-02-11,ADI,54.8401,26389993,True
2026-02-12,ADI,53.8152,36699065,True
2026-02-13,ADI,54.1385,29894454,True
2026-02-16,ADI,53.2475,32985854,True
2026-02-17,ADI,52.2501,34232900,True
2026-02-18,ADI,52.7822,29148145,True
2026-02-19,ADI,53.1834,37916639,True
2026-02-20,ADI,53.4882,47978203,True
2026-02-23,ADI,53.1958,41714927,True
2026-02-24,ADI,55.7212,34393266,True
2026-02-25,ADI,56.4496,20733890,True
2026-02-26,ADI,56.9991,42237400,True
2026-02-27,ADI,57.1366,42153921,True
2026-03-02,ADI,57.5882,31254887,True
2026-03-03,ADI,56.3932,29236988,True
2026-03-04,ADI,56.1697,38210219,True
2026-03-05,ADI,57.0281,27050576,True
2026-03-06,ADI,56.5399,39483594,True
2026-03-09,ADI,57.9668,25392835,True
2026-03-10,ADI,57.8242,26366699,True
2026-03-11,ADI,58.3113,32875507,True
2026-03-12,ADI,59.0979,23253341,True
2026-03-13,ADI,59.709,32775348,True
2026-03-16,ADI,59.1906,37132316,True
2026-03-17,ADI,59.2435,24049712,True
2026-03-18,ADI,58.8203,40745088,True
2026-03-19,ADI,59.4831,28724550,True
2026-03-20,ADI,60.9087,37293089,True
2026-03-23,ADI,61.2158,34472548,True
2026-03-24,ADI,60.1809,29455139,True
2026-03-25,ADI,60.0557,28997867,True
2026-03-26,ADI,60.149,21963215,True
2026-03-27,ADI,61.9452,27849226,True
2026-03-30,ADI,59.7027,27368843,True
2026-03-31,ADI,59.5075,48245609,True
2026-04-01,ADI,59.9283,41663574,True
2026-04-02,ADI,60.8709,23785583,True
2026-04-03,ADI,62.2692,39598137,True
2026-04-06,ADI,62.422,34570555,True
2026-04-07,ADI,61.422,30014780,True
2026-04-08,ADI,61.3772,36576836,True
2026-04-09,ADI,62.9377,39515032,True
2026-04-10,ADI,62.1091,28719476,True
2026-04-13,ADI,63.2174,30777459,True
2026-04-14,ADI,62.4264,34128882,True
2026-04-15,ADI,62.0554,26061564,True
2026-04-16,ADI,59.3364,34284394,True
2026-04-17,ADI,57.4848,32217681,True
2026-04-20,ADI,58.1741,27999545,True
2026-04-21,ADI,57.8539,26961936,True
2026-04-22,ADI,57.7707,35276821,True
2026-04-23,ADI,57.4458,40321069,True
2026-04-24,ADI,57.7291,35490090,True
2026-04-27,ADI,56.899,26882904,True
2026-04-28,ADI,57.1196,39144528,True
2026-04-29,ADI,57.7258,34184265,True
2026-04-30,ADI,57.3508,37736662,True
2026-05-01,ADI,57.0381,43139363,True
2026-05-04,ADI,56.5923,26592803,True
2026-05-05,ADI,55.6515,31795782,True
2026-05-06,ADI,56.4908,28566487,True
2026-05-07,ADI,54.8162,26776483,True
2026-05-08,ADI,55.762,52515945,True
2026-05-11,ADI,55.1033,40929776,True
2026-05-12,ADI,56.666,21734687,True
2026-05-13,ADI,57.3362,36305231,True
2026-05-14,ADI,59.0343,28853659,True
2026-05-15,ADI,59.932,42982875,True
2026-05-18,ADI,60.0604,33511834,True
2026-05-19,ADI,60.2358,31550398,True
2026-05-20,ADI,59.277,33978601,True
2026-05-21,ADI,59.1628,35950770,True
2026-05-22,ADI,57.3128,33098041,True
2026-05-25,ADI,56.5171,31222113,True
2026-05-26,ADI,56.2488,31824002,True
2026-05-27,ADI,56.3588,37039823,True
2026-05-28,ADI,56.4175,25247834,True
2026-05-29,ADI,55.5372,32854810,True
2026-06-01,ADI,54.773,31961515,True
2026-06-02,ADI,54.5272,29342187,True
2026-06-03,ADI,55.729,39043580,True
2026-06-04,ADI,55.1349,24316235,True
2026-06-05,ADI,54.2947,30182483,True
2026-06-08,ADI,54.762,26938461,True
2026-06-09,ADI,54.1228,37337355,True
2026-06-10,ADI,53.3531,29469479,True
2026-06-11,ADI,52.473,33250989,True
2026-06-12,ADI,53.0877,35966309,True
2026-06-15,ADI,54.5125,22638660,True
2026-06-16,ADI,53.1666,36536364,True
2026-06-17,ADI,54.7916,27605735,True
2026-06-18,ADI,55.1614,30977951,True
2026-06-19,ADI,55.4376,32023340,True
2026-06-22,ADI,55.3684,39709528,True
2026-06-23,ADI,54.2333,39061555,True
2026-06-24,ADI,49.3245,146506567,True
2026-06-25,ADI,47.2386,101096514,True
2026-06-26,ADI,45.1231,86789335,True
2026-06-29,ADI,45.4622,86263209,True
2026-06-30,ADI,43.8118,113003148,True
2024-11-20,NXPI,100.4825,32014148,True
2024-11-21,NXPI,99.5826,41555054,True
2024-11-22,NXPI,99.1375,50363657,True
2024-11-25,NXPI,98.6143,26788235,True
2024-11-26,NXPI,94.7694,33306889,True
2024-11-27,NXPI,94.4691,26954879,True
2024-11-28,NXPI,95.8735,26420501,True
2024-11-29,NXPI,96.2445,28050970,True
2024-12-02,NXPI,93.3835,26498605,True
2024-12-03,NXPI,92.6356,20246790,True
2024-12-04,NXPI,91.2446,19000742,True
2024-12-05,NXPI,93.0017,25869454,True
2024-12-06,NXPI,92.6462,31958836,True
2024-12-09,NXPI,90.6789,41664007,True
2024-12-10,NXPI,90.6486,27171463,True
2024-12-11,NXPI,89.4457,29698557,True
2024-12-12,NXPI,89.0668,36376978,True
2024-12-13,NXPI,89.5102,37091630,True
2024-12-16,NXPI,86.0732,30084208,True
2024-12-17,NXPI,85.8736,30540014,True
2024-12-18,NXPI,83.1077,48949411,True
2024-12-19,NXPI,83.4502,28507386,True
2024-12-20,NXPI,83.3656,27442547,True
2024-12-23,NXPI,82.336,20777436,True
2024-12-24,NXPI,82.0146,34402612,True
2024-12-25,NXPI,82.7573,29006297,True
2024-12-26,NXPI,82.7395,49383530,True
2024-12-27,NXPI,81.2325,28505215,True
2024-12-30,NXPI,82.0978,37745598,True
2024-12-31,NXPI,82.7759,38881227,True
2025-01-01,NXPI,81.5748,46313422,True
2025-01-02,NXPI,81.6793,22450904,True
2025-01-03,NXPI,80.8667,45385284,True
2025-01-06,NXPI,80.8476,31041416,True
2025-01-07,NXPI,81.5993,30160315,True
2025-01-08,NXPI,79.663,28678015,True
2025-01-09,NXPI,82.0985,28090325,True
2025-01-10,NXPI,82.7978,28441794,True
2025-01-13,NXPI,81.535,17482164,True
2025-01-14,NXPI,80.0145,35053717,True
2025-01-15,NXPI,79.8345,31417114,True
2025-01-16,NXPI,79.2126,24519529,True
2025-01-17,NXPI,77.6235,30460608,True
2025-01-20,NXPI,77.863,54275895,True
2025-01-21,NXPI,78.9815,33954020,True
2025-01-22,NXPI,76.4532,28140115,True
2025-01-23,NXPI,76.9412,46998392,True
2025-01-24,NXPI,76.4819,25469079,True
2025-01-27,NXPI,77.1789,29796727,True
2025-01-28,NXPI,78.0083,27025881,True
2025-01-29,NXPI,78.592,29198231,True
2025-01-30,NXPI,77.481,36988045,True
2025-01-31,NXPI,77.3548,35647770,True
2025-02-03,NXPI,78.3195,25876515,True
2025-02-04,NXPI,78.6455,29972293,True
2025-02-05,NXPI,77.7193,31582572,True
2025-02-06,NXPI,76.6625,27994393,True
2025-02-07,NXPI,76.6777,30655466,True
2025-02-10,NXPI,77.8334,25937630,True
2025-02-11,NXPI,78.3689,25848897,True
2025-02-12,NXPI,79.2559,31262686,True
2025-02-13,NXPI,78.7768,24040207,True
2025-02-14,NXPI,80.1161,34242121,True
2025-02-17,NXPI,80.9208,29494844,True
2025-02-18,NXPI,82.4603,24698199,True
2025-02-19,NXPI,81.7915,26628793,True
2025-02-20,NXPI,82.8526,27515268,True
2025-02-21,NXPI,84.1769,29732163,True
2025-02-24,NXPI,81.6469,31782711,True
2025-02-25,NXPI,81.5565,29380367,True
2025-02-26,NXPI,82.4043,25021290,True
2025-02-27,NXPI,80.206,43798031,True
2025-02-28,NXPI,77.8069,38523267,True
2025-03-03,NXPI,78.2794,31752026,True
2025-03-04,NXPI,80.0982,38956014,True
2025-03-05,NXPI,78.7024,33464635,True
2025-03-06,NXPI,80.0644,29021928,True
2025-03-07,NXPI,78.6879,31552406,True
2025-03-10,NXPI,79.2476,59063085,True
2025-03-11,NXPI,79.6923,39333798,True
2025-03-12,NXPI,78.9314,39805253,True
2025-03-13,NXPI,77.6866,28077811,True
2025-03-14,NXPI,77.8959,35751527,True
2025-03-17,NXPI,78.8009,53476277,True
2025-03-18,NXPI,80.3852,34273505,True
2025-03-19,NXPI,78.8663,40096635,True
2025-03-20,NXPI,78.4761,41930750,True
2025-03-21,NXPI,75.8612,36122534,True
2025-03-24,NXPI,76.2236,45289761,True
2025-03-25,NXPI,76.0706,32671943,True
2025-03-26,NXPI,77.122,34856497,True
2025-03-27,NXPI,78.0924,26530977,True
2025-03-28,NXPI,77.591,58604081,True
2025-03-31,NXPI,79.7162,33260217,True
2025-04-01,NXPI,80.9302,31734572,True
2025-04-02,NXPI,82.8603,43266250,True
2025-04-03,NXPI,82.8448,27449990,True
2025-04-04,NXPI,81.7792,30851424,True
2025-04-07,NXPI,80.2294,25556486,True
2025-04-08,NXPI,78.7144,31054640,True
2025-04-09,NXPI,77.6448,28114092,True
2025-04-10,NXPI,76.4382,35226264,True
2025-04-11,NXPI,75.2385,29952286,True
2025-04-14,NXPI,77.0631,26717621,True
2025-04-15,NXPI,76.1219,28760496,True
2025-04-16,NXPI,75.2133,30006720,True
2025-04-17,NXPI,75.9836,27281658,True
2025-04-18,NXPI,74.916,38750518,True
2025-04-21,NXPI,75.103,36339507,True
2025-04-22,NXPI,75.1435,31987930,True
2025-04-23,NXPI,75.1879,23156778,True
2025-04-24,NXPI,74.3341,34996673,True
2025-04-25,NXPI,73.5842,22667654,True
2025-04-28,NXPI,72.1802,32294854,True
2025-04-29,NXPI,72.4304,31236469,True
2025-04-30,NXPI,71.9783,26776073,True
2025-05-01,NXPI,70.7849,25265469,True
2025-05-02,NXPI,69.3366,26101228,True
2025-05-05,NXPI,70.127,50722683,True
2025-05-06,NXPI,70.1055,28957444,True
2025-05-07,NXPI,69.3251,29371045,True
2025-05-08,NXPI,68.7339,38930253,True
2025-05-09,NXPI,67.375,34167239,True
2025-05-12,NXPI,66.6256,39863637,True
2025-05-13,NXPI,65.9897,22957354,True
2025-05-14,NXPI,67.2122,23736914,True
2025-05-15,NXPI,65.9384,68996597,True
2025-05-16,NXPI,65.7845,30563822,True
2025-05-19,NXPI,64.5322,28789837,True
2025-05-20,NXPI,64.8399,32098998,True
2025-05-21,NXPI,63.5094,39221122,True
2025-05-22,NXPI,64.5022,23170222,True
2025-05-23,NXPI,64.6899,33058539,True
2025-05-26,NXPI,63.4017,30662669,True
2025-05-27,NXPI,63.7448,36317857,True
2025-05-28,NXPI,64.2609,32192216,True
2025-05-29,NXPI,65.7852,27160939,True
2025-05-30,NXPI,65.5197,25051771,True
2025-06-02,NXPI,66.0015,17158885,True
2025-06-03,NXPI,66.9767,39092890,True
2025-06-04,NXPI,66.7603,21665976,True
2025-06-05,NXPI,66.2016,28011886,True
2025-06-06,NXPI,65.738,46085613,True
2025-06-09,NXPI,65.5249,27912401,True
2025-06-10,NXPI,65.3137,35772912,True
2025-06-11,NXPI,63.6023,29341781,True
2025-06-12,NXPI,64.0502,36529675,True
2025-06-13,NXPI,63.6031,31089654,True
2025-06-16,NXPI,63.7667,27309681,True
2025-06-17,NXPI,63.2899,42732946,True
2025-06-18,NXPI,62.569,28956076,True
2025-06-19,NXPI,62.6274,22367326,True
2025-06-20,NXPI,61.7668,28522021,True
2025-06-23,NXPI,60.8829,35144444,True
2025-06-24,NXPI,61.3028,23614636,True
2025-06-25,NXPI,59.9398,37298513,True
2025-06-26,NXPI,58.3071,37111950,True
2025-06-27,NXPI,58.0676,51423265,True
2025-06-30,NXPI,59.7106,26456055,True
2025-07-01,NXPI,58.7362,36190122,True
2025-07-02,NXPI,58.587,20661898,True
2025-07-03,NXPI,59.6469,27913147,True
2025-07-04,NXPI,61.8737,31655632,True
2025-07-07,NXPI,60.6242,34043786,True
2025-07-08,NXPI,60.998,30461483,True
2025-07-09,NXPI,60.3555,30200270,True
2025-07-10,NXPI,58.6117,26639621,True
2025-07-11,NXPI,59.8466,27733912,True
2025-07-14,NXPI,60.6503,33218335,True
2025-07-15,NXPI,59.9414,35301630,True
2025-07-16,NXPI,61.4133,35994790,True
2025-07-17,NXPI,60.5178,39200752,True
2025-07-18,NXPI,59.6984,41058954,True
2025-07-21,NXPI,59.8436,20025518,True
2025-07-22,NXPI,60.1629,27229999,True
2025-07-23,NXPI,60.5704,29691430,True
2025-07-24,NXPI,61.3697,26445777,True
2025-07-25,NXPI,61.8879,39680467,True
2025-07-28,NXPI,62.52,36939635,True
2025-07-29,NXPI,62.9157,30080710,True
2025-07-30,NXPI,63.7187,31774986,True
2025-07-31,NXPI,63.9603,41797705,True
2025-08-01,NXPI,62.5538,28397185,True
2025-08-04,NXPI,62.316,28623108,True
2025-08-05,NXPI,60.681,38361060,True
2025-08-06,NXPI,60.5932,34546263,True
2025-08-07,NXPI,60.9159,43382589,True
2025-08-08,NXPI,60.0275,33727216,True
2025-08-11,NXPI,58.3582,36935576,True
2025-08-12,NXPI,57.8138,27085688,True
2025-08-13,NXPI,57.5716,24642111,True
2025-08-14,NXPI,56.6312,30798673,True
2025-08-15,NXPI,57.3705,16342460,True
2025-08-18,NXPI,57.3536,34039110,True
2025-08-19,NXPI,57.9942,38952103,True
2025-08-20,NXPI,57.1738,31436358,True
2025-08-21,NXPI,56.885,29278278,True
2025-08-22,NXPI,57.5543,40052359,True
2025-08-25,NXPI,58.3674,30555636,True
2025-08-26,NXPI,60.6376,39037390,True
2025-08-27,NXPI,60.9939,52190031,True
2025-08-28,NXPI,61.4117,36708935,True
2025-08-29,NXPI,61.3006,38645282,True
2025-09-01,NXPI,63.0422,34743159,True
2025-09-02,NXPI,64.0395,32783214,True
2025-09-03,NXPI,64.486,32976490,True
2025-09-04,NXPI,62.9961,31374167,True
2025-09-05,NXPI,62.7104,40012563,True
2025-09-08,NXPI,61.7644,20984155,True
2025-09-09,NXPI,62.1219,28957947,True
2025-09-10,NXPI,62.3835,36127492,True
2025-09-11,NXPI,63.047,25229115,True
2025-09-12,NXPI,62.1031,30104319,True
2025-09-15,NXPI,63.6817,26148753,True
2025-09-16,NXPI,64.141,34302438,True
2025-09-17,NXPI,63.1799,37957901,True
2025-09-18,NXPI,62.9022,43703634,True
2025-09-19,NXPI,62.5549,34811801,True
2025-09-22,NXPI,61.5992,25997981,True
2025-09-23,NXPI,60.2551,32787291,True
2025-09-24,NXPI,61.3089,35373466,True
2025-09-25,NXPI,62.1056,43256130,True
2025-09-26,NXPI,61.0534,18489321,True
2025-09-29,NXPI,60.2759,33735957,True
2025-09-30,NXPI,60.958,19947925,True
2025-10-01,NXPI,62.1307,36626265,True
2025-10-02,NXPI,60.9986,34335910,True
2025-10-03,NXPI,59.2747,34784101,True
2025-10-06,NXPI,60.6052,38143771,True
2025-10-07,NXPI,60.2915,33849608,True
2025-10-08,NXPI,62.0574,26453393,True
2025-10-09,NXPI,61.3988,33575535,True
2025-10-10,NXPI,62.1301,41123995,True
2025-10-13,NXPI,62.0246,30027826,True
2025-10-14,NXPI,62.9744,31079542,True
2025-10-15,NXPI,63.7772,23109423,True
2025-10-16,NXPI,65.1039,40730516,True
2025-10-17,NXPI,64.2584,27366770,True
2025-10-20,NXPI,64.9554,25855378,True
2025-10-21,NXPI,63.6284,27744996,True
2025-10-22,NXPI,62.9666,25133537,True
2025-10-23,NXPI,63.3709,29074360,True
2025-10-24,NXPI,64.0935,41864305,True
2025-10-27,NXPI,65.446,37309256,True
2025-10-28,NXPI,65.7124,43380849,True
2025-10-29,NXPI,68.1234,44026080,True
2025-10-30,NXPI,68.6938,24929755,True
2025-10-31,NXPI,67.3887,34624977,True
2025-11-03,NXPI,66.1568,44156274,True
2025-11-04,NXPI,65.8698,53409597,True
2025-11-05,NXPI,64.384,22023265,True
2025-11-06,NXPI,64.5765,21971479,True
2025-11-07,NXPI,64.2997,34520800,True
2025-11-10,NXPI,62.8706,28494413,True
2025-11-11,NXPI,62.1517,24348510,True
2025-11-12,NXPI,61.52,33802952,True
2025-11-13,NXPI,62.7796,25572821,True
2025-11-14,NXPI,62.3112,17959001,True
2025-11-17,NXPI,62.5616,30689568,True
2025-11-18,NXPI,62.3175,31794834,True
2025-11-19,NXPI,62.4924,35925835,True
2025-11-20,NXPI,62.137,38619332,True
2025-11-21,NXPI,62.8795,32227653,True
2025-11-24,NXPI,62.2499,29160841,True
2025-11-25,NXPI,62.2473,26316783,True
2025-11-26,NXPI,62.4624,20821643,True
2025-11-27,NXPI,62.2317,27784773,True
2025-11-28,NXPI,64.0435,39135270,True
2025-12-01,NXPI,62.2929,36033931,True
2025-12-02,NXPI,62.3807,50332272,True
2025-12-03,NXPI,63.0363,29742694,True
2025-12-04,NXPI,63.7103,20147413,True
2025-12-05,NXPI,62.1765,37569486,True
2025-12-08,NXPI,63.0286,39502553,True
2025-12-09,NXPI,63.4815,23334083,True
2025-12-10,NXPI,66.3417,20980614,True
2025-12-11,NXPI,65.5053,31977379,True
2025-12-12,NXPI,63.7234,36541065,True
2025-12-15,NXPI,64.2055,23599319,True
2025-12-16,NXPI,65.0461,28430981,True
2025-12-17,NXPI,65.9557,25614934,True
2025-12-18,NXPI,64.7667,23248946,True
2025-12-19,NXPI,66.2403,22513569,True
2025-12-22,NXPI,66.8831,31868754,True
2025-12-23,NXPI,66.8427,28198762,True
2025-12-24,NXPI,66.0331,26258311,True
2025-12-25,NXPI,66.8313,16534606,True
2025-12-26,NXPI,68.7276,46763903,True
2025-12-29,NXPI,69.5697,24595876,True
2025-12-30,NXPI,69.6766,29818866,True
2025-12-31,NXPI,68.2485,23480540,True
2026-01-01,NXPI,68.2928,33718591,True
2026-01-02,NXPI,66.4507,21485695,True
2026-01-05,NXPI,66.9544,31495499,True
2026-01-06,NXPI,68.0733,29442571,True
2026-01-07,NXPI,67.6985,38338046,True
2026-01-08,NXPI,66.1246,23703482,True
2026-01-09,NXPI,66.5552,26371160,True
2026-01-12,NXPI,67.4856,29104952,True
2026-01-13,NXPI,67.2826,50746639,True
2026-01-14,NXPI,67.2014,21653805,True
2026-01-15,NXPI,66.7006,32992447,True
2026-01-16,NXPI,66.8197,26321727,True
2026-01-19,NXPI,67.2398,33147314,True
2026-01-20,NXPI,67.556,35964629,True
2026-01-21,NXPI,70.013,31821180,True
2026-01-22,NXPI,72.3888,32756256,True
2026-01-23,NXPI,71.7499,32885378,True
2026-01-26,NXPI,71.2411,26737612,True
2026-01-27,NXPI,70.7961,29212841,True
2026-01-28,NXPI,70.4437,20711234,True
2026-01-29,NXPI,71.4329,28256459,True
2026-01-30,NXPI,70.8719,25598095,True
2026-02-02,NXPI,69.5186,28936643,True
2026-02-03,NXPI,69.2472,36655298,True
2026-02-04,NXPI,69.0177,33681425,True
2026-02-05,NXPI,67.916,34398159,True
2026-02-06,NXPI,68.0636,40002737,True
2026-02-09,NXPI,66.6733,17402286,True
2026-02-10,NXPI,67.0267,34060981,True
2026-02-11,NXPI,66.1011,30558438,True
2026-02-12,NXPI,65.9943,30022039,True
2026-02-13,NXPI,65.929,22499263,True
2026-02-16,NXPI,65.6606,35035740,True
2026-02-17,NXPI,66.2916,40411552,True
2026-02-18,NXPI,66.0515,39265850,True
2026-02-19,NXPI,67.6656,30099978,True
2026-02-20,NXPI,67.1467,35778008,True
2026-02-23,NXPI,66.8462,38280597,True
2026-02-24,NXPI,68.1414,47459309,True
2026-02-25,NXPI,68.766,41163951,True
2026-02-26,NXPI,67.9792,31774263,True
2026-02-27,NXPI,67.6873,31415486,True
2026-03-02,NXPI,68.8299,31961776,True
2026-03-03,NXPI,69.2078,32422754,True
2026-03-04,NXPI,69.523,27279809,True
2026-03-05,NXPI,70.0594,36919752,True
2026-03-06,NXPI,68.4885,26034904,True
2026-03-09,NXPI,71.474,25363084,True
2026-03-10,NXPI,73.2522,33419046,True
2026-03-11,NXPI,73.9661,26777526,True
2026-03-12,NXPI,75.3251,28965214,True
2026-03-13,NXPI,77.0262,18708217,True
2026-03-16,NXPI,75.7905,37109659,True
2026-03-17,NXPI,76.2628,30654975,True
2026-03-18,NXPI,77.2076,29780177,True
2026-03-19,NXPI,76.5822,34283130,True
2026-03-20,NXPI,78.3571,32276297,True
2026-03-23,NXPI,80.2634,25978143,True
2026-03-24,NXPI,80.0545,49524618,True
2026-03-25,NXPI,79.8878,27566112,True
2026-03-26,NXPI,80.252,38725115,True
2026-03-27,NXPI,82.4497,47499144,True
2026-03-30,NXPI,81.7911,26470201,True
2026-03-31,NXPI,80.2835,31387150,True
2026-04-01,NXPI,80.8792,25249370,True
2026-04-02,NXPI,81.2624,39429186,True
2026-04-03,NXPI,80.7202,28335610,True
2026-04-06,NXPI,82.5232,23606600,True
2026-04-07,NXPI,80.2038,42015749,True
2026-04-08,NXPI,81.8917,38201710,True
2026-04-09,NXPI,84.4614,24827308,True
2026-04-10,NXPI,83.9528,40698151,True
2026-04-13,NXPI,85.2985,32152730,True
2026-04-14,NXPI,84.0271,58650185,True
2026-04-15,NXPI,83.4287,46202907,True
2026-04-16,NXPI,80.8061,26881492,True
2026-04-17,NXPI,79.5099,28775577,True
2026-04-20,NXPI,79.7567,24891680,True
2026-04-21,NXPI,81.1587,31675099,True
2026-04-22,NXPI,81.3581,31031116,True
2026-04-23,NXPI,82.469,36571928,True
2026-04-24,NXPI,82.4089,31320889,True
2026-04-27,NXPI,81.5762,21599658,True
2026-04-28,NXPI,82.7301,25280412,True
2026-04-29,NXPI,83.7244,42989781,True
2026-04-30,NXPI,83.9587,40410701,True
2026-05-01,NXPI,84.0592,29516749,True
2026-05-04,NXPI,83.3988,29697473,True
2026-05-05,NXPI,81.5512,29466894,True
2026-05-06,NXPI,82.7011,30840575,True
2026-05-07,NXPI,83.0787,20552497,True
2026-05-08,NXPI,83.4077,37975702,True
2026-05-11,NXPI,83.5524,26216890,True
2026-05-12,NXPI,85.1911,31767223,True
2026-05-13,NXPI,84.9562,16781363,True
2026-05-14,NXPI,86.9875,32434371,True
2026-05-15,NXPI,88.3311,42209927,True
2026-05-18,NXPI,88.5886,17992088,True
2026-05-19,NXPI,87.1916,44073204,True
2026-05-20,NXPI,86.1171,34331370,True
2026-05-21,NXPI,85.2558,25748078,True
2026-05-22,NXPI,86.0645,21007896,True
2026-05-25,NXPI,85.3238,40480360,True
2026-05-26,NXPI,84.9098,32640959,True
2026-05-27,NXPI,85.489,35333788,True
2026-05-28,NXPI,86.0193,28745190,True
2026-05-29,NXPI,85.3277,25356224,True
2026-06-01,NXPI,82.2513,37752865,True
2026-06-02,NXPI,81.5881,24418775,True
2026-06-03,NXPI,80.9964,38031739,True
2026-06-04,NXPI,81.9718,20580060,True
2026-06-05,NXPI,80.8542,24589643,True
2026-06-08,NXPI,81.0481,21683287,True
2026-06-09,NXPI,81.0373,41931858,True
2026-06-10,NXPI,78.6883,20188394,True
2026-06-11,NXPI,79.6026,23362725,True
2026-06-12,NXPI,79.0309,35908753,True
2026-06-15,NXPI,82.455,32393537,True
2026-06-16,NXPI,79.4301,51777537,True
2026-06-17,NXPI,80.0767,47613671,True
2026-06-18,NXPI,81.9118,35542770,True
2026-06-19,NXPI,81.4969,36165210,True
2026-06-22,NXPI,79.3506,19827987,True
2026-06-23,NXPI,80.0435,24842186,True
2026-06-24,NXPI,72.9699,105441855,True
2026-06-25,NXPI,69.9471,109308157,True
2026-06-26,NXPI,67.3491,82095886,True
2026-06-29,NXPI,65.963,91289471,True
2026-06-30,NXPI,63.988,93142593,True
2024-11-20,ON,99.8862,39398038,True
2024-11-21,ON,99.2614,31333535,True
2024-11-22,ON,98.1031,33512450,True
2024-11-25,ON,97.9072,19668110,True
2024-11-26,ON,94.9866,19337288,True
2024-11-27,ON,95.7183,15033436,True
2024-11-28,ON,97.0292,28586483,True
2024-11-29,ON,97.7328,28305314,True
2024-12-02,ON,97.5421,35933055,True
2024-12-03,ON,97.1694,43492465,True
2024-12-04,ON,99.6796,28137531,True
2024-12-05,ON,99.8357,28031878,True
2024-12-06,ON,97.9961,33564390,True
2024-12-09,ON,96.0551,43972053,True
2024-12-10,ON,96.0833,24398324,True
2024-12-11,ON,96.8341,35074020,True
2024-12-12,ON,96.6185,28189164,True
2024-12-13,ON,97.8106,27578290,True
2024-12-16,ON,95.5308,36776829,True
2024-12-17,ON,93.1527,24604846,True
2024-12-18,ON,90.7515,22951429,True
2024-12-19,ON,88.2886,35426887,True
2024-12-20,ON,87.6528,29803556,True
2024-12-23,ON,86.3055,28078280,True
2024-12-24,ON,87.4997,29008851,True
2024-12-25,ON,86.7646,33965656,True
2024-12-26,ON,83.6214,27341651,True
2024-12-27,ON,83.8189,36330176,True
2024-12-30,ON,84.0405,33272559,True
2024-12-31,ON,83.2915,43466049,True
2025-01-01,ON,82.3731,41178666,True
2025-01-02,ON,83.0966,37177026,True
2025-01-03,ON,82.2227,28515796,True
2025-01-06,ON,81.8329,30902222,True
2025-01-07,ON,82.6602,25864944,True
2025-01-08,ON,83.147,61235305,True
2025-01-09,ON,83.9164,28384839,True
2025-01-10,ON,83.836,34482250,True
2025-01-13,ON,83.9214,42158879,True
2025-01-14,ON,83.5258,21338071,True
2025-01-15,ON,84.2592,24407220,True
2025-01-16,ON,83.2799,27187703,True
2025-01-17,ON,80.7618,23400989,True
2025-01-20,ON,80.4938,21853641,True
2025-01-21,ON,81.5581,26375123,True
2025-01-22,ON,79.8898,41473640,True
2025-01-23,ON,79.9704,35979841,True
2025-01-24,ON,79.5741,30283046,True
2025-01-27,ON,78.5553,30235101,True
2025-01-28,ON,80.1984,19815902,True
2025-01-29,ON,81.5781,35738041,True
2025-01-30,ON,81.4542,33402419,True
2025-01-31,ON,81.3864,22906260,True
2025-02-03,ON,81.7019,31622790,True
2025-02-04,ON,81.5891,28616496,True
2025-02-05,ON,81.3952,26379434,True
2025-02-06,ON,80.4589,23450946,True
2025-02-07,ON,79.307,25362416,True
2025-02-10,ON,80.1745,23724077,True
2025-02-11,ON,77.5469,33706346,True
2025-02-12,ON,78.0052,32906865,True
2025-02-13,ON,78.7151,32556840,True
2025-02-14,ON,78.1625,28696680,True
2025-02-17,ON,77.9131,27124972,True
2025-02-18,ON,78.3593,50058492,True
2025-02-19,ON,77.9058,18856331,True
2025-02-20,ON,76.9355,40516698,True
2025-02-21,ON,76.8957,32817953,True
2025-02-24,ON,75.3018,30564898,True
2025-02-25,ON,73.3973,26451598,True
2025-02-26,ON,74.4112,28442582,True
2025-02-27,ON,72.6646,22333083,True
2025-02-28,ON,69.8312,21236527,True
2025-03-03,ON,70.1027,29216759,True
2025-03-04,ON,71.5202,19858237,True
2025-03-05,ON,70.616,37061812,True
2025-03-06,ON,71.0025,39705770,True
2025-03-07,ON,69.9559,12712869,True
2025-03-10,ON,69.5766,20380225,True
2025-03-11,ON,69.5521,32164330,True
2025-03-12,ON,68.8835,31685335,True
2025-03-13,ON,69.6105,30900130,True
2025-03-14,ON,70.6989,33395545,True
2025-03-17,ON,71.0052,36220898,True
2025-03-18,ON,71.0315,37320430,True
2025-03-19,ON,70.4698,47021004,True
2025-03-20,ON,70.459,30260843,True
2025-03-21,ON,68.7605,37305428,True
2025-03-24,ON,68.4793,20035984,True
2025-03-25,ON,70.2657,29091865,True
2025-03-26,ON,71.0229,22164130,True
2025-03-27,ON,70.1966,42595892,True
2025-03-28,ON,68.1636,53906343,True
2025-03-31,ON,68.1117,34430281,True
2025-04-01,ON,68.2677,21724787,True
2025-04-02,ON,69.655,29237966,True
2025-04-03,ON,69.6676,30296250,True
2025-04-04,ON,68.6139,31606613,True
2025-04-07,ON,67.5084,39491317,True
2025-04-08,ON,66.8533,38181962,True
2025-04-09,ON,66.4139,15510321,True
2025-04-10,ON,65.2603,42333044,True
2025-04-11,ON,65.7343,26571917,True
2025-04-14,ON,66.368,26160178,True
2025-04-15,ON,65.4581,42872181,True
2025-04-16,ON,65.1703,28144363,True
2025-04-17,ON,64.5123,21359074,True
2025-04-18,ON,65.3597,21600893,True
2025-04-21,ON,65.264,30526154,True
2025-04-22,ON,64.0381,37752287,True
2025-04-23,ON,64.4405,43792462,True
2025-04-24,ON,65.3265,28833728,True
2025-04-25,ON,63.4539,26766730,True
2025-04-28,ON,63.3322,45152443,True
2025-04-29,ON,63.8501,26840497,True
2025-04-30,ON,62.3265,43329552,True
2025-05-01,ON,61.746,31911695,True
2025-05-02,ON,60.1454,31934424,True
2025-05-05,ON,60.4447,28376533,True
2025-05-06,ON,58.1225,32414210,True
2025-05-07,ON,57.2116,26797589,True
2025-05-08,ON,56.6953,25397855,True
2025-05-09,ON,56.6736,29096833,True
2025-05-12,ON,55.8588,25582105,True
2025-05-13,ON,55.4793,32475754,True
2025-05-14,ON,55.9385,30746863,True
2025-05-15,ON,55.3298,28188743,True
2025-05-16,ON,55.9271,28633054,True
2025-05-19,ON,54.6387,28427187,True
2025-05-20,ON,54.4021,46487978,True
2025-05-21,ON,56.0327,30029288,True
2025-05-22,ON,57.84,25945547,True
2025-05-23,ON,58.3702,27952972,True
2025-05-26,ON,57.9584,35517871,True
2025-05-27,ON,59.4073,28625960,True
2025-05-28,ON,59.1107,28984263,True
2025-05-29,ON,60.5569,28229240,True
2025-05-30,ON,60.3038,31360766,True
2025-06-02,ON,60.3136,33182455,True
2025-06-03,ON,61.4607,33624578,True
2025-06-04,ON,60.3417,19996024,True
2025-06-05,ON,60.2196,23048503,True
2025-06-06,ON,59.3769,15602945,True
2025-06-09,ON,58.7928,36765305,True
2025-06-10,ON,58.5489,39694417,True
2025-06-11,ON,57.1221,41644795,True
2025-06-12,ON,58.0369,31190544,True
2025-06-13,ON,57.9955,40097486,True
2025-06-16,ON,58.817,29812402,True
2025-06-17,ON,58.1861,29194881,True
2025-06-18,ON,56.988,20474367,True
2025-06-19,ON,56.3962,24746470,True
2025-06-20,ON,56.5008,25953130,True
2025-06-23,ON,54.7074,37849749,True
2025-06-24,ON,55.1221,45540085,True
2025-06-25,ON,54.1643,26763488,True
2025-06-26,ON,52.9142,33023943,True
2025-06-27,ON,53.0222,32236048,True
2025-06-30,ON,54.2925,24800744,True
2025-07-01,ON,52.7783,19572043,True
2025-07-02,ON,52.7448,24927879,True
2025-07-03,ON,51.9181,21011863,True
2025-07-04,ON,53.2759,27802938,True
2025-07-07,ON,52.4159,29038159,True
2025-07-08,ON,51.4622,28753394,True
2025-07-09,ON,50.7924,28843894,True
2025-07-10,ON,49.687,33939622,True
2025-07-11,ON,51.2455,23835414,True
2025-07-14,ON,51.1521,37546007,True
2025-07-15,ON,52.3265,19812595,True
2025-07-16,ON,53.2048,30547335,True
2025-07-17,ON,52.7541,33138851,True
2025-07-18,ON,52.0577,24679419,True
2025-07-21,ON,53.0469,20195665,True
2025-07-22,ON,52.7472,35265626,True
2025-07-23,ON,52.7616,25415423,True
2025-07-24,ON,53.3358,36546970,True
2025-07-25,ON,52.322,36424132,True
2025-07-28,ON,52.3798,30022695,True
2025-07-29,ON,51.4539,30054448,True
2025-07-30,ON,49.8377,38466086,True
2025-07-31,ON,49.7031,33026090,True
2025-08-01,ON,50.9215,23819806,True
2025-08-04,ON,51.8335,31349961,True
2025-08-05,ON,51.1098,34518701,True
2025-08-06,ON,51.0693,31622787,True
2025-08-07,ON,51.6162,31518766,True
2025-08-08,ON,52.348,28979668,True
2025-08-11,ON,51.8374,29189438,True
2025-08-12,ON,51.2265,23813036,True
2025-08-13,ON,50.8025,21046820,True
2025-08-14,ON,51.9761,39798478,True
2025-08-15,ON,53.6583,25654683,True
2025-08-18,ON,53.24,31775463,True
2025-08-19,ON,52.5835,20686045,True
2025-08-20,ON,52.3218,31273265,True
2025-08-21,ON,52.5836,24465279,True
2025-08-22,ON,53.2687,62944209,True
2025-08-25,ON,54.0835,23330230,True
2025-08-26,ON,55.4688,23640801,True
2025-08-27,ON,54.6023,38013930,True
2025-08-28,ON,53.9397,39897488,True
2025-08-29,ON,54.253,17797411,True
2025-09-01,ON,54.2618,32029013,True
2025-09-02,ON,55.037,37404714,True
2025-09-03,ON,54.9062,22171123,True
2025-09-04,ON,54.5795,35631865,True
2025-09-05,ON,53.7786,26364825,True
2025-09-08,ON,53.8592,23450932,True
2025-09-09,ON,53.1655,27547574,True
2025-09-10,ON,53.5985,26798147,True
2025-09-11,ON,55.3064,21275247,True
2025-09-12,ON,54.4896,52420198,True
2025-09-15,ON,53.6788,26840318,True
2025-09-16,ON,54.5795,24965397,True
2025-09-17,ON,54.7549,37162943,True
2025-09-18,ON,54.9509,29518226,True
2025-09-19,ON,55.6686,41864195,True
2025-09-22,ON,56.6291,28123916,True
2025-09-23,ON,55.9767,32795938,True
2025-09-24,ON,55.9589,30757428,True
2025-09-25,ON,56.156,31323483,True
2025-09-26,ON,54.6676,28538216,True
2025-09-29,ON,53.9294,29284270,True
2025-09-30,ON,54.2654,45568632,True
2025-10-01,ON,54.7059,25380651,True
2025-10-02,ON,54.5052,26240210,True
2025-10-03,ON,54.2343,27594515,True
2025-10-06,ON,54.2483,34624476,True
2025-10-07,ON,53.5408,33198921,True
2025-10-08,ON,53.1147,37903937,True
2025-10-09,ON,52.9362,21549431,True
2025-10-10,ON,53.1089,32049832,True
2025-10-13,ON,52.8328,28766246,True
2025-10-14,ON,53.7098,27990873,True
2025-10-15,ON,53.6363,31298983,True
2025-10-16,ON,54.1716,18439689,True
2025-10-17,ON,52.7092,32158418,True
2025-10-20,ON,52.0524,31148852,True
2025-10-21,ON,51.0086,21087539,True
2025-10-22,ON,52.0957,29351738,True
2025-10-23,ON,51.6828,44129872,True
2025-10-24,ON,51.3021,27296068,True
2025-10-27,ON,51.1781,34811794,True
2025-10-28,ON,51.6394,28418741,True
2025-10-29,ON,53.0903,24576243,True
2025-10-30,ON,51.9246,23921472,True
2025-10-31,ON,49.5646,27234241,True
2025-11-03,ON,50.2302,41478865,True
2025-11-04,ON,49.4485,36790623,True
2025-11-05,ON,47.5572,25230040,True
2025-11-06,ON,47.9205,38489175,True
2025-11-07,ON,49.1182,29117057,True
2025-11-10,ON,47.7405,25325409,True
2025-11-11,ON,46.6638,33435599,True
2025-11-12,ON,46.4103,23978998,True
2025-11-13,ON,46.7201,20373422,True
2025-11-14,ON,46.3715,41409244,True
2025-11-17,ON,46.8415,19119093,True
2025-11-18,ON,46.7695,34370063,True
2025-11-19,ON,46.3946,20608057,True
2025-11-20,ON,46.2365,29840511,True
2025-11-21,ON,45.9453,28621388,True
2025-11-24,ON,46.0157,26961229,True
2025-11-25,ON,44.6782,17502012,True
2025-11-26,ON,45.0273,29261029,True
2025-11-27,ON,44.3617,29787183,True
2025-11-28,ON,44.7688,24076382,True
2025-12-01,ON,43.3926,29562511,True
2025-12-02,ON,43.0958,38429706,True
2025-12-03,ON,43.5211,25173201,True
2025-12-04,ON,43.842,32038800,True
2025-12-05,ON,44.5679,22627928,True
2025-12-08,ON,44.7081,33045901,True
2025-12-09,ON,44.4871,35216828,True
2025-12-10,ON,45.7229,55497207,True
2025-12-11,ON,46.5067,37609097,True
2025-12-12,ON,45.3394,33467304,True
2025-12-15,ON,46.2337,42589410,True
2025-12-16,ON,47.0932,23529050,True
2025-12-17,ON,47.6514,39189128,True
2025-12-18,ON,47.3851,26293266,True
2025-12-19,ON,48.0761,25816928,True
2025-12-22,ON,47.8103,39420007,True
2025-12-23,ON,48.2867,31872511,True
2025-12-24,ON,47.566,41726493,True
2025-12-25,ON,48.0946,21046566,True
2025-12-26,ON,49.2048,32181980,True
2025-12-29,ON,49.6619,26434027,True
2025-12-30,ON,49.088,28154766,True
2025-12-31,ON,49.421,18808742,True
2026-01-01,ON,50.2124,37921705,True
2026-01-02,ON,51.2389,31702637,True
2026-01-05,ON,52.3817,23612634,True
2026-01-06,ON,51.4875,21607866,True
2026-01-07,ON,51.2689,24304704,True
2026-01-08,ON,51.5663,42485427,True
2026-01-09,ON,50.2586,29381890,True
2026-01-12,ON,50.344,27743628,True
2026-01-13,ON,49.7533,34011474,True
2026-01-14,ON,49.8805,30214584,True
2026-01-15,ON,50.1095,31900463,True
2026-01-16,ON,48.2591,36183832,True
2026-01-19,ON,48.5873,32697155,True
2026-01-20,ON,48.1051,37412051,True
2026-01-21,ON,48.7203,22482521,True
2026-01-22,ON,50.0253,30620507,True
2026-01-23,ON,52.0425,27636882,True
2026-01-26,ON,51.4281,30960377,True
2026-01-27,ON,50.9727,29868574,True
2026-01-28,ON,50.4825,25807364,True
2026-01-29,ON,50.2543,27693238,True
2026-01-30,ON,50.2844,38081632,True
2026-02-02,ON,50.3103,26351929,True
2026-02-03,ON,50.4666,22237423,True
2026-02-04,ON,50.4588,34931760,True
2026-02-05,ON,49.829,38331321,True
2026-02-06,ON,51.1066,28262610,True
2026-02-09,ON,49.7507,31163267,True
2026-02-10,ON,50.4052,24593627,True
2026-02-11,ON,50.2141,28744727,True
2026-02-12,ON,50.3749,39638264,True
2026-02-13,ON,49.7529,36785329,True
2026-02-16,ON,49.0135,31340463,True
2026-02-17,ON,49.3293,28255189,True
2026-02-18,ON,50.1901,20275420,True
2026-02-19,ON,50.016,32661472,True
2026-02-20,ON,49.3136,33828648,True
2026-02-23,ON,49.5621,39154753,True
2026-02-24,ON,51.4768,49550662,True
2026-02-25,ON,51.0456,33169028,True
2026-02-26,ON,50.5585,38239180,True
2026-02-27,ON,49.6501,23013762,True
2026-03-02,ON,51.1939,40640041,True
2026-03-03,ON,50.8169,37420961,True
2026-03-04,ON,50.3196,42247661,True
2026-03-05,ON,50.9951,35700995,True
2026-03-06,ON,51.7968,33811747,True
2026-03-09,ON,53.8146,43463121,True
2026-03-10,ON,53.5941,25734204,True
2026-03-11,ON,53.5677,35443497,True
2026-03-12,ON,53.7794,39465167,True
2026-03-13,ON,54.694,24995348,True
2026-03-16,ON,53.4537,22855391,True
2026-03-17,ON,52.9046,33680975,True
2026-03-18,ON,52.0817,31232164,True
2026-03-19,ON,52.4046,35160875,True
2026-03-20,ON,53.0966,35473992,True
2026-03-23,ON,53.2803,25140408,True
2026-03-24,ON,51.6532,32925742,True
2026-03-25,ON,51.0753,39930754,True
2026-03-26,ON,51.0522,27811671,True
2026-03-27,ON,52.0198,28296695,True
2026-03-30,ON,51.1686,23042594,True
2026-03-31,ON,49.1861,37029538,True
2026-04-01,ON,48.8491,48840768,True
2026-04-02,ON,48.5801,21733378,True
2026-04-03,ON,48.6067,36548482,True
2026-04-06,ON,48.5338,37828628,True
2026-04-07,ON,47.7238,26483589,True
2026-04-08,ON,47.8301,27726044,True
2026-04-09,ON,49.91,23533921,True
2026-04-10,ON,50.293,25088547,True
2026-04-13,ON,50.4124,31621821,True
2026-04-14,ON,49.3963,35607002,True
2026-04-15,ON,48.7409,31253458,True
2026-04-16,ON,47.9781,37419716,True
2026-04-17,ON,46.7301,31936578,True
2026-04-20,ON,46.8174,22852835,True
2026-04-21,ON,47.7484,43284627,True
2026-04-22,ON,48.2472,40562149,True
2026-04-23,ON,48.3309,25563996,True
2026-04-24,ON,48.8379,46819343,True
2026-04-27,ON,48.1612,34085676,True
2026-04-28,ON,47.622,31401952,True
2026-04-29,ON,47.2331,48523175,True
2026-04-30,ON,46.5404,16545155,True
2026-05-01,ON,46.3777,20567537,True
2026-05-04,ON,45.9443,36171689,True
2026-05-05,ON,45.8106,28655175,True
2026-05-06,ON,45.6959,24159157,True
2026-05-07,ON,44.8532,43943986,True
2026-05-08,ON,45.4013,34272100,True
2026-05-11,ON,45.6222,22301808,True
2026-05-12,ON,45.997,25916897,True
2026-05-13,ON,46.5729,37410817,True
2026-05-14,ON,48.1276,47049546,True
2026-05-15,ON,48.2744,18689743,True
2026-05-18,ON,48.5849,32369832,True
2026-05-19,ON,47.5822,27754766,True
2026-05-20,ON,47.6312,19899875,True
2026-05-21,ON,47.7913,29256596,True
2026-05-22,ON,47.2882,20614799,True
2026-05-25,ON,46.5929,26734156,True
2026-05-26,ON,45.7913,45211672,True
2026-05-27,ON,46.2272,34546669,True
2026-05-28,ON,46.2918,36877743,True
2026-05-29,ON,46.8134,35282693,True
2026-06-01,ON,45.0074,33241257,True
2026-06-02,ON,45.3602,38651478,True
2026-06-03,ON,45.4155,22952433,True
2026-06-04,ON,45.9188,27938924,True
2026-06-05,ON,45.3318,37557101,True
2026-06-08,ON,45.6644,25544768,True
2026-06-09,ON,46.5524,27421746,True
2026-06-10,ON,45.9312,40959975,True
2026-06-11,ON,44.8566,44367559,True
2026-06-12,ON,45.3051,26332705,True
2026-06-15,ON,46.6136,25021146,True
2026-06-16,ON,44.8947,35206687,True
2026-06-17,ON,44.5079,32623311,True
2026-06-18,ON,44.5635,25916926,True
2026-06-19,ON,44.8272,35328981,True
2026-06-22,ON,44.6577,34967427,True
2026-06-23,ON,43.8299,31161258,True
2026-06-24,ON,39.0877,230980185,True
2026-06-25,ON,37.4375,157130098,True
2026-06-26,ON,36.6868,137602313,True
2026-06-29,ON,35.9817,144807545,True
2026-06-30,ON,34.9228,232370495,True
2024-11-20,AMAT,100.3133,39004653,True
2024-11-21,AMAT,98.9204,53062573,True
2024-11-22,AMAT,98.7447,41387184,True
2024-11-25,AMAT,98.8982,21304560,True
2024-11-26,AMAT,97.5796,40200991,True
2024-11-27,AMAT,96.9187,29507974,True
2024-11-28,AMAT,98.2013,26009419,True
2024-11-29,AMAT,97.2842,27880457,True
2024-12-02,AMAT,97.3927,57291387,True
2024-12-03,AMAT,96.5502,24578708,True
2024-12-04,AMAT,97.4178,31275190,True
2024-12-05,AMAT,95.0597,48903681,True
2024-12-06,AMAT,96.4288,43196659,True
2024-12-09,AMAT,93.6203,23770081,True
2024-12-10,AMAT,92.1395,35538317,True
2024-12-11,AMAT,92.6991,32095796,True
2024-12-12,AMAT,90.8642,34790939,True
2024-12-13,AMAT,90.7148,44149946,True
2024-12-16,AMAT,85.9273,31609359,True
2024-12-17,AMAT,84.4613,33713509,True
2024-12-18,AMAT,82.7174,52753096,True
2024-12-19,AMAT,82.6214,22978760,True
2024-12-20,AMAT,81.868,33267491,True
2024-12-23,AMAT,82.0831,41120090,True
2024-12-24,AMAT,83.6141,26698912,True
2024-12-25,AMAT,82.4714,31171564,True
2024-12-26,AMAT,79.9681,26242750,True
2024-12-27,AMAT,81.1683,37989845,True
2024-12-30,AMAT,80.0398,31225835,True
2024-12-31,AMAT,81.6517,44531962,True
2025-01-01,AMAT,80.4003,47235514,True
2025-01-02,AMAT,81.7267,36955539,True
2025-01-03,AMAT,80.3942,33195813,True
2025-01-06,AMAT,79.6134,39000489,True
2025-01-07,AMAT,80.8388,37058069,True
2025-01-08,AMAT,80.0775,26882028,True
2025-01-09,AMAT,80.9775,47835872,True
2025-01-10,AMAT,80.6294,38658276,True
2025-01-13,AMAT,80.1338,44545477,True
2025-01-14,AMAT,78.7937,25916014,True
2025-01-15,AMAT,80.0097,45542116,True
2025-01-16,AMAT,79.4513,62081351,True
2025-01-17,AMAT,76.335,42645738,True
2025-01-20,AMAT,76.1489,25340563,True
2025-01-21,AMAT,77.892,36854646,True
2025-01-22,AMAT,75.13,35973537,True
2025-01-23,AMAT,76.3971,38573728,True
2025-01-24,AMAT,76.5038,34421939,True
2025-01-27,AMAT,76.1389,41367127,True
2025-01-28,AMAT,77.442,32471529,True
2025-01-29,AMAT,77.3723,38682448,True
2025-01-30,AMAT,76.9138,30687219,True
2025-01-31,AMAT,76.2089,37424302,True
2025-02-03,AMAT,76.6497,46912523,True
2025-02-04,AMAT,76.9036,32252590,True
2025-02-05,AMAT,76.5939,43182625,True
2025-02-06,AMAT,76.0303,29182510,True
2025-02-07,AMAT,74.7698,33228018,True
2025-02-10,AMAT,77.2377,34382354,True
2025-02-11,AMAT,75.5985,49972548,True
2025-02-12,AMAT,74.9477,30079819,True
2025-02-13,AMAT,75.7869,49615032,True
2025-02-14,AMAT,75.4948,25214702,True
2025-02-17,AMAT,72.9801,35060576,True
2025-02-18,AMAT,74.4154,45931512,True
2025-02-19,AMAT,73.1748,43479183,True
2025-02-20,AMAT,70.4,28277556,True
2025-02-21,AMAT,70.7779,26792090,True
2025-02-24,AMAT,69.8925,45521057,True
2025-02-25,AMAT,70.0324,26530555,True
2025-02-26,AMAT,72.3552,42223910,True
2025-02-27,AMAT,70.3335,31979747,True
2025-02-28,AMAT,69.8149,36370714,True
2025-03-03,AMAT,68.8916,65433426,True
2025-03-04,AMAT,70.7392,53942387,True
2025-03-05,AMAT,71.0581,45085209,True
2025-03-06,AMAT,71.5582,25756314,True
2025-03-07,AMAT,70.9307,39534264,True
2025-03-10,AMAT,69.8582,36957647,True
2025-03-11,AMAT,70.2397,35549324,True
2025-03-12,AMAT,68.8928,51107202,True
2025-03-13,AMAT,68.5759,23617949,True
2025-03-14,AMAT,67.8819,39508284,True
2025-03-17,AMAT,68.8348,37638799,True
2025-03-18,AMAT,68.4409,30154769,True
2025-03-19,AMAT,68.9108,56393498,True
2025-03-20,AMAT,67.6847,26461488,True
2025-03-21,AMAT,66.6214,36706458,True
2025-03-24,AMAT,69.2827,37191906,True
2025-03-25,AMAT,69.9961,20942263,True
2025-03-26,AMAT,69.3615,25385805,True
2025-03-27,AMAT,70.3588,28519771,True
2025-03-28,AMAT,70.3693,44472491,True
2025-03-31,AMAT,71.8863,46281285,True
2025-04-01,AMAT,70.4308,42347678,True
2025-04-02,AMAT,71.7938,38717958,True
2025-04-03,AMAT,70.2371,20894257,True
2025-04-04,AMAT,71.976,38478168,True
2025-04-07,AMAT,70.4424,31992431,True
2025-04-08,AMAT,68.6429,48990139,True
2025-04-09,AMAT,68.7006,51204606,True
2025-04-10,AMAT,68.1208,64156020,True
2025-04-11,AMAT,67.4217,43583393,True
2025-04-14,AMAT,69.828,44769547,True
2025-04-15,AMAT,69.4222,28057080,True
2025-04-16,AMAT,67.6919,37158962,True
2025-04-17,AMAT,69.0882,26640564,True
2025-04-18,AMAT,70.6083,45697328,True
2025-04-21,AMAT,71.1517,26915916,True
2025-04-22,AMAT,71.0151,34489781,True
2025-04-23,AMAT,70.8216,29580672,True
2025-04-24,AMAT,71.7431,32331979,True
2025-04-25,AMAT,72.6203,40873575,True
2025-04-28,AMAT,73.2922,31558787,True
2025-04-29,AMAT,73.9597,38488715,True
2025-04-30,AMAT,72.6471,28231986,True
2025-05-01,AMAT,73.0318,51844743,True
2025-05-02,AMAT,72.8724,30914781,True
2025-05-05,AMAT,72.3796,47033516,True
2025-05-06,AMAT,70.2727,62553423,True
2025-05-07,AMAT,69.9244,19624935,True
2025-05-08,AMAT,69.7119,28300296,True
2025-05-09,AMAT,69.9751,34535357,True
2025-05-12,AMAT,68.2118,48949076,True
2025-05-13,AMAT,67.2501,32176888,True
2025-05-14,AMAT,67.0323,40052793,True
2025-05-15,AMAT,65.5498,30231768,True
2025-05-16,AMAT,66.3799,41958558,True
2025-05-19,AMAT,65.6395,26736553,True
2025-05-20,AMAT,65.6343,44975263,True
2025-05-21,AMAT,65.4262,17024636,True
2025-05-22,AMAT,65.7981,22507305,True
2025-05-23,AMAT,66.4799,57718189,True
2025-05-26,AMAT,64.9189,37993509,True
2025-05-27,AMAT,67.3297,28966288,True
2025-05-28,AMAT,67.6118,63644284,True
2025-05-29,AMAT,68.0814,47487873,True
2025-05-30,AMAT,67.5284,48440008,True
2025-06-02,AMAT,67.3855,32657229,True
2025-06-03,AMAT,67.0835,42580861,True
2025-06-04,AMAT,67.6483,41358440,True
2025-06-05,AMAT,66.7635,23846605,True
2025-06-06,AMAT,66.2786,42275279,True
2025-06-09,AMAT,66.0424,34682313,True
2025-06-10,AMAT,65.8982,50427985,True
2025-06-11,AMAT,64.7648,50683066,True
2025-06-12,AMAT,66.882,30858024,True
2025-06-13,AMAT,67.2015,31164020,True
2025-06-16,AMAT,67.0088,38159549,True
2025-06-17,AMAT,67.1139,42940291,True
2025-06-18,AMAT,64.6363,32726140,True
2025-06-19,AMAT,64.0344,35295054,True
2025-06-20,AMAT,64.3883,42457691,True
2025-06-23,AMAT,63.6892,40471845,True
2025-06-24,AMAT,63.2457,48872109,True
2025-06-25,AMAT,62.0103,38611763,True
2025-06-26,AMAT,60.5526,28976658,True
2025-06-27,AMAT,58.6986,23166234,True
2025-06-30,AMAT,60.692,44681403,True
2025-07-01,AMAT,59.9466,33362228,True
2025-07-02,AMAT,60.6817,33238184,True
2025-07-03,AMAT,61.0497,33733155,True
2025-07-04,AMAT,63.4679,24311247,True
2025-07-07,AMAT,62.0648,32869583,True
2025-07-08,AMAT,62.5933,18682566,True
2025-07-09,AMAT,61.0282,32767525,True
2025-07-10,AMAT,60.1531,28887685,True
2025-07-11,AMAT,60.5997,58084944,True
2025-07-14,AMAT,60.2923,40708687,True
2025-07-15,AMAT,60.3661,34379827,True
2025-07-16,AMAT,60.7161,37848782,True
2025-07-17,AMAT,61.0161,43753630,True
2025-07-18,AMAT,61.7802,29917351,True
2025-07-21,AMAT,62.6585,34230216,True
2025-07-22,AMAT,60.4997,33152653,True
2025-07-23,AMAT,60.0066,68572460,True
2025-07-24,AMAT,59.8016,36983735,True
2025-07-25,AMAT,59.1747,21939520,True
2025-07-28,AMAT,60.0018,44517002,True
2025-07-29,AMAT,58.7545,70412439,True
2025-07-30,AMAT,57.117,28407701,True
2025-07-31,AMAT,57.216,88532418,True
2025-08-01,AMAT,57.4709,35714154,True
2025-08-04,AMAT,58.4972,46906483,True
2025-08-05,AMAT,57.9645,31403409,True
2025-08-06,AMAT,58.2387,33862842,True
2025-08-07,AMAT,59.9288,26457491,True
2025-08-08,AMAT,59.7343,27666791,True
2025-08-11,AMAT,59.0758,20929943,True
2025-08-12,AMAT,58.0228,48669652,True
2025-08-13,AMAT,57.792,27013306,True
2025-08-14,AMAT,59.2865,39900148,True
2025-08-15,AMAT,60.6178,39486980,True
2025-08-18,AMAT,60.5768,30702431,True
2025-08-19,AMAT,60.869,36721648,True
2025-08-20,AMAT,59.7289,35399154,True
2025-08-21,AMAT,59.3694,31932163,True
2025-08-22,AMAT,60.352,36732958,True
2025-08-25,AMAT,61.3486,36740951,True
2025-08-26,AMAT,61.5846,27893707,True
2025-08-27,AMAT,59.9149,25980205,True
2025-08-28,AMAT,61.6256,29146439,True
2025-08-29,AMAT,61.0817,37404430,True
2025-09-01,AMAT,62.3158,51754272,True
2025-09-02,AMAT,62.5382,52928928,True
2025-09-03,AMAT,64.148,39303607,True
2025-09-04,AMAT,64.4304,46260803,True
2025-09-05,AMAT,64.402,37413780,True
2025-09-08,AMAT,65.5679,48178718,True
2025-09-09,AMAT,64.9667,37458639,True
2025-09-10,AMAT,65.5463,40104163,True
2025-09-11,AMAT,68.2298,33678297,True
2025-09-12,AMAT,67.941,36183638,True
2025-09-15,AMAT,66.76,59113489,True
2025-09-16,AMAT,65.9817,26600311,True
2025-09-17,AMAT,65.8425,36259471,True
2025-09-18,AMAT,65.5028,31105444,True
2025-09-19,AMAT,66.0511,46411600,True
2025-09-22,AMAT,65.6071,57873098,True
2025-09-23,AMAT,64.4036,33425091,True
2025-09-24,AMAT,63.9789,17708399,True
2025-09-25,AMAT,63.8208,42458252,True
2025-09-26,AMAT,62.5092,42464875,True
2025-09-29,AMAT,62.6624,23441376,True
2025-09-30,AMAT,62.363,34022538,True
2025-10-01,AMAT,64.0522,35592432,True
2025-10-02,AMAT,63.9457,19920868,True
2025-10-03,AMAT,63.6858,43110667,True
2025-10-06,AMAT,64.009,40567275,True
2025-10-07,AMAT,64.1485,38514054,True
2025-10-08,AMAT,65.42,27518600,True
2025-10-09,AMAT,64.7111,30111556,True
2025-10-10,AMAT,64.5191,30727104,True
2025-10-13,AMAT,63.7818,40969425,True
2025-10-14,AMAT,65.085,28057388,True
2025-10-15,AMAT,64.3205,52861309,True
2025-10-16,AMAT,64.9261,39908749,True
2025-10-17,AMAT,66.2536,20584215,True
2025-10-20,AMAT,65.0353,55962726,True
2025-10-21,AMAT,64.0127,37694188,True
2025-10-22,AMAT,65.0859,31369499,True
2025-10-23,AMAT,66.0931,37144373,True
2025-10-24,AMAT,66.8284,22532435,True
2025-10-27,AMAT,66.6467,37992900,True
2025-10-28,AMAT,66.9272,19116722,True
2025-10-29,AMAT,69.3238,27734455,True
2025-10-30,AMAT,69.2205,51381685,True
2025-10-31,AMAT,69.1221,50160430,True
2025-11-03,AMAT,69.6696,33086923,True
2025-11-04,AMAT,68.4185,28128039,True
2025-11-05,AMAT,66.0479,46046897,True
2025-11-06,AMAT,65.6392,35675054,True
2025-11-07,AMAT,66.9877,38184097,True
2025-11-10,AMAT,66.2285,42522400,True
2025-11-11,AMAT,64.7032,27323689,True
2025-11-12,AMAT,63.1556,44399717,True
2025-11-13,AMAT,64.5132,20854945,True
2025-11-14,AMAT,63.3721,52831023,True
2025-11-17,AMAT,62.4078,24018557,True
2025-11-18,AMAT,62.8861,30677835,True
2025-11-19,AMAT,63.4559,30349586,True
2025-11-20,AMAT,63.2734,43638353,True
2025-11-21,AMAT,63.8216,43837588,True
2025-11-24,AMAT,62.9266,39638251,True
2025-11-25,AMAT,63.5806,41571567,True
2025-11-26,AMAT,62.4708,40775403,True
2025-11-27,AMAT,63.8255,35415524,True
2025-11-28,AMAT,64.0812,21948136,True
2025-12-01,AMAT,63.2767,19801738,True
2025-12-02,AMAT,62.9431,19822658,True
2025-12-03,AMAT,62.6764,35629292,True
2025-12-04,AMAT,62.8631,33996017,True
2025-12-05,AMAT,63.9579,34784265,True
2025-12-08,AMAT,64.3692,38239814,True
2025-12-09,AMAT,63.3455,33918212,True
2025-12-10,AMAT,66.6679,27794533,True
2025-12-11,AMAT,68.5671,24375266,True
2025-12-12,AMAT,66.8496,21987539,True
2025-12-15,AMAT,67.2684,49490270,True
2025-12-16,AMAT,68.5753,45665018,True
2025-12-17,AMAT,68.6951,25323576,True
2025-12-18,AMAT,68.7437,33552906,True
2025-12-19,AMAT,68.5398,40424778,True
2025-12-22,AMAT,68.7875,54609731,True
2025-12-23,AMAT,69.5181,30791726,True
2025-12-24,AMAT,70.6315,37705511,True
2025-12-25,AMAT,73.1827,48717340,True
2025-12-26,AMAT,75.3649,22892036,True
2025-12-29,AMAT,75.8063,29743996,True
2025-12-30,AMAT,77.1831,35645438,True
2025-12-31,AMAT,74.4758,29834706,True
2026-01-01,AMAT,75.4301,62506348,True
2026-01-02,AMAT,77.104,45158683,True
2026-01-05,AMAT,78.6741,37897388,True
2026-01-06,AMAT,79.5831,28016177,True
2026-01-07,AMAT,80.9016,45140251,True
2026-01-08,AMAT,80.437,42462173,True
2026-01-09,AMAT,79.011,31463305,True
2026-01-12,AMAT,78.8475,32129576,True
2026-01-13,AMAT,78.7849,24563475,True
2026-01-14,AMAT,81.5119,35264734,True
2026-01-15,AMAT,81.9141,45111119,True
2026-01-16,AMAT,80.4491,46726158,True
2026-01-19,AMAT,81.1946,41862239,True
2026-01-20,AMAT,81.1535,44618420,True
2026-01-21,AMAT,82.0794,30846386,True
2026-01-22,AMAT,83.9758,31815357,True
2026-01-23,AMAT,83.8899,49259835,True
2026-01-26,AMAT,83.917,40461232,True
2026-01-27,AMAT,84.7433,29226328,True
2026-01-28,AMAT,83.0565,40987725,True
2026-01-29,AMAT,82.783,44666183,True
2026-01-30,AMAT,81.8652,43250429,True
2026-02-02,AMAT,80.0405,36980908,True
2026-02-03,AMAT,79.5826,31423322,True
2026-02-04,AMAT,78.9838,39900717,True
2026-02-05,AMAT,78.8997,55947491,True
2026-02-06,AMAT,77.655,37355124,True
2026-02-09,AMAT,75.6182,30197329,True
2026-02-10,AMAT,74.8889,39272629,True
2026-02-11,AMAT,75.0197,26059984,True
2026-02-12,AMAT,76.3801,38156364,True
2026-02-13,AMAT,75.5257,33240907,True
2026-02-16,AMAT,74.0469,46134413,True
2026-02-17,AMAT,74.8078,36915501,True
2026-02-18,AMAT,77.1032,47247984,True
2026-02-19,AMAT,78.858,65451968,True
2026-02-20,AMAT,78.7354,33948315,True
2026-02-23,AMAT,79.462,28903919,True
2026-02-24,AMAT,82.4786,40499846,True
2026-02-25,AMAT,81.8602,35112919,True
2026-02-26,AMAT,83.5192,37277529,True
2026-02-27,AMAT,82.5632,30705147,True
2026-03-02,AMAT,82.0327,41517523,True
2026-03-03,AMAT,80.421,36574504,True
2026-03-04,AMAT,78.2313,20462175,True
2026-03-05,AMAT,78.8277,33771040,True
2026-03-06,AMAT,78.9419,39173689,True
2026-03-09,AMAT,80.2101,48805493,True
2026-03-10,AMAT,82.6379,30899807,True
2026-03-11,AMAT,84.7958,29142797,True
2026-03-12,AMAT,86.1341,48427344,True
2026-03-13,AMAT,87.427,30639396,True
2026-03-16,AMAT,85.8786,36899905,True
2026-03-17,AMAT,85.0446,40602271,True
2026-03-18,AMAT,83.3567,43498153,True
2026-03-19,AMAT,82.5596,35979308,True
2026-03-20,AMAT,83.8476,26884267,True
2026-03-23,AMAT,85.6511,46693797,True
2026-03-24,AMAT,85.0917,32067158,True
2026-03-25,AMAT,83.4109,31350710,True
2026-03-26,AMAT,84.5183,60477181,True
2026-03-27,AMAT,86.8657,45107301,True
2026-03-30,AMAT,86.4425,27250796,True
2026-03-31,AMAT,85.7504,31670931,True
2026-04-01,AMAT,87.4977,33672314,True
2026-04-02,AMAT,87.4653,29541166,True
2026-04-03,AMAT,89.7437,21808462,True
2026-04-06,AMAT,92.0986,44204737,True
2026-04-07,AMAT,90.2291,43903250,True
2026-04-08,AMAT,90.9141,38233555,True
2026-04-09,AMAT,94.6306,32331234,True
2026-04-10,AMAT,95.9835,37915670,True
2026-04-13,AMAT,96.4221,42352141,True
2026-04-14,AMAT,94.4525,27374362,True
2026-04-15,AMAT,93.7838,32916223,True
2026-04-16,AMAT,90.9986,31032373,True
2026-04-17,AMAT,88.6314,42986886,True
2026-04-20,AMAT,88.527,38397077,True
2026-04-21,AMAT,89.1699,25612841,True
2026-04-22,AMAT,89.8467,30568927,True
2026-04-23,AMAT,88.4748,56729818,True
2026-04-24,AMAT,88.8594,27887005,True
2026-04-27,AMAT,87.4974,37300274,True
2026-04-28,AMAT,88.4996,30463909,True
2026-04-29,AMAT,91.0866,49560320,True
2026-04-30,AMAT,91.8999,35272158,True
2026-05-01,AMAT,92.2276,32021313,True
2026-05-04,AMAT,91.5283,26440542,True
2026-05-05,AMAT,90.1419,33649555,True
2026-05-06,AMAT,91.1588,44444892,True
2026-05-07,AMAT,89.2442,42682438,True
2026-05-08,AMAT,89.5005,25443213,True
2026-05-11,AMAT,89.3698,53707000,True
2026-05-12,AMAT,90.9557,33629808,True
2026-05-13,AMAT,92.6281,27281948,True
2026-05-14,AMAT,93.6191,37047357,True
2026-05-15,AMAT,95.0223,30506902,True
2026-05-18,AMAT,95.3754,30848159,True
2026-05-19,AMAT,96.1114,30423185,True
2026-05-20,AMAT,94.8444,35002261,True
2026-05-21,AMAT,95.5313,31474743,True
2026-05-22,AMAT,93.8106,23008410,True
2026-05-25,AMAT,91.6676,41008619,True
2026-05-26,AMAT,89.7936,31296401,True
2026-05-27,AMAT,90.5375,48813657,True
2026-05-28,AMAT,89.7835,41138852,True
2026-05-29,AMAT,90.6347,42009557,True
2026-06-01,AMAT,89.4419,37536793,True
2026-06-02,AMAT,86.523,50074307,True
2026-06-03,AMAT,85.5531,32899701,True
2026-06-04,AMAT,85.902,27694054,True
2026-06-05,AMAT,86.9404,39147567,True
2026-06-08,AMAT,87.9339,17716085,True
2026-06-09,AMAT,88.9573,32544934,True
2026-06-10,AMAT,87.9965,37844444,True
2026-06-11,AMAT,87.8129,32146623,True
2026-06-12,AMAT,90.9923,49545586,True
2026-06-15,AMAT,93.9683,42909495,True
2026-06-16,AMAT,90.3308,36857652,True
2026-06-17,AMAT,91.0063,32274246,True
2026-06-18,AMAT,91.3963,47502000,True
2026-06-19,AMAT,92.5711,30030735,True
2026-06-22,AMAT,91.3209,32141418,True
2026-06-23,AMAT,90.345,43405059,True
2026-06-24,AMAT,81.1956,121536857,True
2026-06-25,AMAT,79.587,176277393,True
2026-06-26,AMAT,76.3943,98521981,True
2026-06-29,AMAT,75.135,64089968,True
2026-06-30,AMAT,72.318,123533256,True
2024-11-20,LRCX,102.2593,13080180,True
2024-11-21,LRCX,100.5611,27828621,True
2024-11-22,LRCX,99.4974,23028792,True
2024-11-25,LRCX,97.9926,22780546,True
2024-11-26,LRCX,97.2311,29663857,True
2024-11-27,LRCX,97.891,32003263,True
2024-11-28,LRCX,98.9707,27327880,True
2024-11-29,LRCX,98.2737,18078466,True
2024-12-02,LRCX,96.6044,14924579,True
2024-12-03,LRCX,94.1472,16041620,True
2024-12-04,LRCX,92.9629,13371947,True
2024-12-05,LRCX,91.5868,33367080,True
2024-12-06,LRCX,89.5419,19979397,True
2024-12-09,LRCX,88.3234,21689196,True
2024-12-10,LRCX,88.0726,22069640,True
2024-12-11,LRCX,88.5276,35259487,True
2024-12-12,LRCX,87.2714,18158509,True
2024-12-13,LRCX,86.8521,28441976,True
2024-12-16,LRCX,84.1291,22691945,True
2024-12-17,LRCX,83.5751,20183496,True
2024-12-18,LRCX,81.3061,12815554,True
2024-12-19,LRCX,80.5866,26587146,True
2024-12-20,LRCX,79.8159,17335764,True
2024-12-23,LRCX,79.3083,18654071,True
2024-12-24,LRCX,80.4773,22247763,True
2024-12-25,LRCX,78.8771,21512310,True
2024-12-26,LRCX,77.9888,28032266,True
2024-12-27,LRCX,76.0963,17668632,True
2024-12-30,LRCX,76.0574,21902454,True
2024-12-31,LRCX,75.3865,22555346,True
2025-01-01,LRCX,75.4008,21138403,True
2025-01-02,LRCX,76.1742,25012802,True
2025-01-03,LRCX,74.7137,19668899,True
2025-01-06,LRCX,73.115,28634769,True
2025-01-07,LRCX,73.0075,17494228,True
2025-01-08,LRCX,72.4109,14500431,True
2025-01-09,LRCX,73.3285,20780552,True
2025-01-10,LRCX,75.7146,28457157,True
2025-01-13,LRCX,74.1159,18390383,True
2025-01-14,LRCX,74.1149,17867932,True
2025-01-15,LRCX,74.148,19211539,True
2025-01-16,LRCX,73.8511,21911084,True
2025-01-17,LRCX,72.6248,20073137,True
2025-01-20,LRCX,73.151,22749550,True
2025-01-21,LRCX,75.2901,13494442,True
2025-01-22,LRCX,73.0528,30884944,True
2025-01-23,LRCX,73.1453,24397917,True
2025-01-24,LRCX,72.9889,16828489,True
2025-01-27,LRCX,72.8781,29894953,True
2025-01-28,LRCX,73.506,23580298,True
2025-01-29,LRCX,73.2833,30671335,True
2025-01-30,LRCX,70.9771,15515590,True
2025-01-31,LRCX,70.6377,32186357,True
2025-02-03,LRCX,70.0688,21250766,True
2025-02-04,LRCX,71.094,12367522,True
2025-02-05,LRCX,72.8682,25492152,True
2025-02-06,LRCX,73.2897,19431935,True
2025-02-07,LRCX,71.8378,16180423,True
2025-02-10,LRCX,74.1515,19870433,True
2025-02-11,LRCX,72.5439,12738956,True
2025-02-12,LRCX,73.2625,24407655,True
2025-02-13,LRCX,73.9892,19864837,True
2025-02-14,LRCX,74.7319,19590560,True
2025-02-17,LRCX,74.5974,30224872,True
2025-02-18,LRCX,75.1875,21191693,True
2025-02-19,LRCX,72.8292,17714949,True
2025-02-20,LRCX,71.0779,16441052,True
2025-02-21,LRCX,71.3566,20673628,True
2025-02-24,LRCX,70.1158,27623063,True
2025-02-25,LRCX,70.9931,18080738,True
2025-02-26,LRCX,71.7205,16075783,True
2025-02-27,LRCX,69.7795,26631253,True
2025-02-28,LRCX,68.9233,21325058,True
2025-03-03,LRCX,69.5384,20863627,True
2025-03-04,LRCX,71.2559,35925601,True
2025-03-05,LRCX,69.3918,15364135,True
2025-03-06,LRCX,70.3409,22104924,True
2025-03-07,LRCX,69.8439,13295518,True
2025-03-10,LRCX,70.5848,19437487,True
2025-03-11,LRCX,70.1763,24429287,True
2025-03-12,LRCX,69.7408,28055898,True
2025-03-13,LRCX,67.4183,15139850,True
2025-03-14,LRCX,65.6949,26038207,True
2025-03-17,LRCX,66.2005,25689265,True
2025-03-18,LRCX,66.2101,20341153,True
2025-03-19,LRCX,65.6816,39567145,True
2025-03-20,LRCX,66.3423,21001502,True
2025-03-21,LRCX,65.0684,16737281,True
2025-03-24,LRCX,67.0723,23428779,True
2025-03-25,LRCX,67.1285,13001125,True
2025-03-26,LRCX,67.695,31374075,True
2025-03-27,LRCX,67.2112,27078243,True
2025-03-28,LRCX,66.5181,18944746,True
2025-03-31,LRCX,67.0467,24594712,True
2025-04-01,LRCX,66.9116,24104885,True
2025-04-02,LRCX,68.5239,34548686,True
2025-04-03,LRCX,67.1853,17919654,True
2025-04-04,LRCX,67.499,15060639,True
2025-04-07,LRCX,65.3308,12437904,True
2025-04-08,LRCX,64.015,19459269,True
2025-04-09,LRCX,63.8284,14021072,True
2025-04-10,LRCX,62.6265,20078380,True
2025-04-11,LRCX,62.489,23333698,True
2025-04-14,LRCX,62.7126,18737042,True
2025-04-15,LRCX,62.8856,16463479,True
2025-04-16,LRCX,61.9859,28535429,True
2025-04-17,LRCX,62.6027,19941811,True
2025-04-18,LRCX,61.8845,22289328,True
2025-04-21,LRCX,62.4139,26822359,True
2025-04-22,LRCX,61.1465,15005358,True
2025-04-23,LRCX,62.347,16558008,True
2025-04-24,LRCX,62.1542,39933971,True
2025-04-25,LRCX,62.0058,20156579,True
2025-04-28,LRCX,61.8944,16053124,True
2025-04-29,LRCX,61.771,19660789,True
2025-04-30,LRCX,61.154,18111441,True
2025-05-01,LRCX,61.5982,15299684,True
2025-05-02,LRCX,61.2425,18895476,True
2025-05-05,LRCX,62.2626,20883578,True
2025-05-06,LRCX,62.5901,20917567,True
2025-05-07,LRCX,62.248,24111076,True
2025-05-08,LRCX,62.8886,13436806,True
2025-05-09,LRCX,62.8254,14283801,True
2025-05-12,LRCX,60.3144,25720023,True
2025-05-13,LRCX,59.7742,18730260,True
2025-05-14,LRCX,59.4522,28710093,True
2025-05-15,LRCX,59.1414,22700619,True
2025-05-16,LRCX,59.1353,14603590,True
2025-05-19,LRCX,58.152,24100850,True
2025-05-20,LRCX,58.2674,16179953,True
2025-05-21,LRCX,56.6578,22444179,True
2025-05-22,LRCX,57.5682,28802765,True
2025-05-23,LRCX,56.9831,36155861,True
2025-05-26,LRCX,56.7906,20621259,True
2025-05-27,LRCX,58.9479,25121481,True
2025-05-28,LRCX,59.1232,22679459,True
2025-05-29,LRCX,58.2867,25729975,True
2025-05-30,LRCX,58.388,10891262,True
2025-06-02,LRCX,58.5761,18995286,True
2025-06-03,LRCX,58.6574,22623289,True
2025-06-04,LRCX,58.8933,23686881,True
2025-06-05,LRCX,57.6926,17294700,True
2025-06-06,LRCX,57.8998,25954445,True
2025-06-09,LRCX,57.0459,27882348,True
2025-06-10,LRCX,57.9432,21374970,True
2025-06-11,LRCX,56.0655,19803236,True
2025-06-12,LRCX,56.6914,19154506,True
2025-06-13,LRCX,57.1328,21757175,True
2025-06-16,LRCX,57.4228,28432687,True
2025-06-17,LRCX,57.2893,30866196,True
2025-06-18,LRCX,56.1231,18605054,True
2025-06-19,LRCX,56.0741,16531296,True
2025-06-20,LRCX,55.5548,17125183,True
2025-06-23,LRCX,55.2675,27039403,True
2025-06-24,LRCX,55.5194,22225169,True
2025-06-25,LRCX,53.9124,22669623,True
2025-06-26,LRCX,52.3624,23760938,True
2025-06-27,LRCX,52.1247,23124188,True
2025-06-30,LRCX,53.2407,20344499,True
2025-07-01,LRCX,52.7898,16071984,True
2025-07-02,LRCX,52.3273,17915292,True
2025-07-03,LRCX,53.6031,21661409,True
2025-07-04,LRCX,55.0363,23221943,True
2025-07-07,LRCX,54.0915,19094811,True
2025-07-08,LRCX,53.3865,18871562,True
2025-07-09,LRCX,52.7511,29825671,True
2025-07-10,LRCX,50.98,18626461,True
2025-07-11,LRCX,52.6119,22226638,True
2025-07-14,LRCX,52.7887,19350276,True
2025-07-15,LRCX,52.7795,16843802,True
2025-07-16,LRCX,53.2762,14228244,True
2025-07-17,LRCX,53.1987,18294059,True
2025-07-18,LRCX,52.9584,17011187,True
2025-07-21,LRCX,53.1895,26093539,True
2025-07-22,LRCX,52.4102,15642286,True
2025-07-23,LRCX,51.6664,18889095,True
2025-07-24,LRCX,52.2017,24829370,True
2025-07-25,LRCX,52.4939,20397953,True
2025-07-28,LRCX,52.4745,23833014,True
2025-07-29,LRCX,51.8415,26001526,True
2025-07-30,LRCX,50.7121,13728289,True
2025-07-31,LRCX,51.1041,18894227,True
2025-08-01,LRCX,52.6274,16418958,True
2025-08-04,LRCX,52.0769,29648903,True
2025-08-05,LRCX,51.6552,20372888,True
2025-08-06,LRCX,51.625,23839503,True
2025-08-07,LRCX,51.8944,32416068,True
2025-08-08,LRCX,52.2535,19169452,True
2025-08-11,LRCX,50.8468,21397577,True
2025-08-12,LRCX,50.9178,23304058,True
2025-08-13,LRCX,50.6857,19608782,True
2025-08-14,LRCX,50.822,28930074,True
2025-08-15,LRCX,52.0724,25868476,True
2025-08-18,LRCX,52.5257,27114688,True
2025-08-19,LRCX,53.8876,21254527,True
2025-08-20,LRCX,52.3442,19234134,True
2025-08-21,LRCX,52.6382,19174363,True
2025-08-22,LRCX,53.1146,19126698,True
2025-08-25,LRCX,53.5548,13806960,True
2025-08-26,LRCX,56.0569,23025930,True
2025-08-27,LRCX,54.663,25827013,True
2025-08-28,LRCX,55.3597,20936772,True
2025-08-29,LRCX,55.7476,18498764,True
2025-09-01,LRCX,57.3051,21188433,True
2025-09-02,LRCX,58.2402,22227801,True
2025-09-03,LRCX,58.3581,22812609,True
2025-09-04,LRCX,57.9726,33173512,True
2025-09-05,LRCX,57.1869,16878375,True
2025-09-08,LRCX,57.1571,23025312,True
2025-09-09,LRCX,56.5828,25014568,True
2025-09-10,LRCX,56.3983,21406908,True
2025-09-11,LRCX,57.7377,19769261,True
2025-09-12,LRCX,55.7931,16171927,True
2025-09-15,LRCX,56.6789,18043871,True
2025-09-16,LRCX,57.252,25108910,True
2025-09-17,LRCX,57.6999,30351132,True
2025-09-18,LRCX,56.6682,17761271,True
2025-09-19,LRCX,55.716,23652173,True
2025-09-22,LRCX,55.1618,23943741,True
2025-09-23,LRCX,53.5277,27102647,True
2025-09-24,LRCX,54.4346,22325732,True
2025-09-25,LRCX,54.8513,23475874,True
2025-09-26,LRCX,53.3341,26326818,True
2025-09-29,LRCX,53.7475,15615616,True
2025-09-30,LRCX,54.9437,21229620,True
2025-10-01,LRCX,55.4489,13411462,True
2025-10-02,LRCX,55.8754,12728032,True
2025-10-03,LRCX,55.5191,17028323,True
2025-10-06,LRCX,55.0068,14201689,True
2025-10-07,LRCX,53.7066,23850255,True
2025-10-08,LRCX,54.2507,26977574,True
2025-10-09,LRCX,54.052,19415016,True
2025-10-10,LRCX,53.1171,20252082,True
2025-10-13,LRCX,52.476,19769671,True
2025-10-14,LRCX,53.7028,19630109,True
2025-10-15,LRCX,51.6239,21702626,True
2025-10-16,LRCX,53.3453,22917864,True
2025-10-17,LRCX,52.6837,18658210,True
2025-10-20,LRCX,53.18,17188949,True
2025-10-21,LRCX,53.3546,18384896,True
2025-10-22,LRCX,52.6485,25674433,True
2025-10-23,LRCX,52.2231,18856091,True
2025-10-24,LRCX,53.3623,30245298,True
2025-10-27,LRCX,53.7876,19724732,True
2025-10-28,LRCX,54.5359,29610514,True
2025-10-29,LRCX,56.2779,15511717,True
2025-10-30,LRCX,57.0067,17597451,True
2025-10-31,LRCX,56.6492,23651272,True
2025-11-03,LRCX,57.0251,23715430,True
2025-11-04,LRCX,55.6066,20150238,True
2025-11-05,LRCX,53.3018,35062039,True
2025-11-06,LRCX,53.2672,21345229,True
2025-11-07,LRCX,55.0726,22546382,True
2025-11-10,LRCX,54.8637,18158514,True
2025-11-11,LRCX,54.6228,31817146,True
2025-11-12,LRCX,52.9882,26009191,True
2025-11-13,LRCX,54.2803,23256347,True
2025-11-14,LRCX,55.1652,13878403,True
2025-11-17,LRCX,55.9764,22965704,True
2025-11-18,LRCX,56.2882,18635417,True
2025-11-19,LRCX,56.068,23135833,True
2025-11-20,LRCX,55.9958,26373126,True
2025-11-21,LRCX,56.492,17356806,True
2025-11-24,LRCX,56.4638,22132667,True
2025-11-25,LRCX,55.5593,26138471,True
2025-11-26,LRCX,54.5543,21830520,True
2025-11-27,LRCX,54.2275,19290936,True
2025-11-28,LRCX,55.2164,16054772,True
2025-12-01,LRCX,54.7007,17710432,True
2025-12-02,LRCX,53.6559,15227537,True
2025-12-03,LRCX,53.377,26855627,True
2025-12-04,LRCX,51.9647,21507605,True
2025-12-05,LRCX,51.9792,15437398,True
2025-12-08,LRCX,54.5384,20922631,True
2025-12-09,LRCX,54.1831,15149264,True
2025-12-10,LRCX,55.5603,9177666,True
2025-12-11,LRCX,55.8779,28374029,True
2025-12-12,LRCX,53.5875,28111754,True
2025-12-15,LRCX,52.9544,14464882,True
2025-12-16,LRCX,53.7985,17491799,True
2025-12-17,LRCX,53.6188,22057460,True
2025-12-18,LRCX,53.7729,19023112,True
2025-12-19,LRCX,53.1835,16897308,True
2025-12-22,LRCX,53.589,18410511,True
2025-12-23,LRCX,55.4346,19715506,True
2025-12-24,LRCX,54.2435,18229156,True
2025-12-25,LRCX,55.5186,22076583,True
2025-12-26,LRCX,56.2176,19758108,True
2025-12-29,LRCX,56.5044,17300989,True
2025-12-30,LRCX,57.561,21065410,True
2025-12-31,LRCX,55.5899,13803271,True
2026-01-01,LRCX,57.0445,30078801,True
2026-01-02,LRCX,57.1438,13536677,True
2026-01-05,LRCX,58.1374,20502509,True
2026-01-06,LRCX,59.6699,22795107,True
2026-01-07,LRCX,59.4999,23224194,True
2026-01-08,LRCX,58.7973,22345747,True
2026-01-09,LRCX,59.1097,28728709,True
2026-01-12,LRCX,59.2241,15789894,True
2026-01-13,LRCX,58.068,20570301,True
2026-01-14,LRCX,58.8195,21711890,True
2026-01-15,LRCX,58.6014,18483227,True
2026-01-16,LRCX,57.8705,18036507,True
2026-01-19,LRCX,58.7893,28883992,True
2026-01-20,LRCX,58.7542,17506676,True
2026-01-21,LRCX,61.2275,18561811,True
2026-01-22,LRCX,61.8822,19526691,True
2026-01-23,LRCX,61.6983,19838111,True
2026-01-26,LRCX,59.9734,21786635,True
2026-01-27,LRCX,58.9281,19865135,True
2026-01-28,LRCX,58.4326,22967157,True
2026-01-29,LRCX,58.6618,21639312,True
2026-01-30,LRCX,57.7014,23585369,True
2026-02-02,LRCX,56.6504,29459874,True
2026-02-03,LRCX,56.4314,16934690,True
2026-02-04,LRCX,56.25,31592656,True
2026-02-05,LRCX,55.2973,18692812,True
2026-02-06,LRCX,55.8763,24695369,True
2026-02-09,LRCX,55.4128,21766618,True
2026-02-10,LRCX,54.7927,19417860,True
2026-02-11,LRCX,54.0436,12808934,True
2026-02-12,LRCX,53.2923,31270061,True
2026-02-13,LRCX,54.0824,17306808,True
2026-02-16,LRCX,54.8041,17173498,True
2026-02-17,LRCX,55.2732,27254935,True
2026-02-18,LRCX,56.5816,21301791,True
2026-02-19,LRCX,56.2916,33598759,True
2026-02-20,LRCX,54.6448,31805381,True
2026-02-23,LRCX,54.3228,24944690,True
2026-02-24,LRCX,56.0268,22258146,True
2026-02-25,LRCX,54.9436,25279064,True
2026-02-26,LRCX,54.8901,15050617,True
2026-02-27,LRCX,54.3833,21813580,True
2026-03-02,LRCX,55.0464,21682331,True
2026-03-03,LRCX,55.1201,18582451,True
2026-03-04,LRCX,54.971,22263926,True
2026-03-05,LRCX,55.0698,14522456,True
2026-03-06,LRCX,54.4803,26164312,True
2026-03-09,LRCX,56.5399,28798051,True
2026-03-10,LRCX,56.8114,15134525,True
2026-03-11,LRCX,57.7609,21665049,True
2026-03-12,LRCX,58.9883,30703747,True
2026-03-13,LRCX,60.4665,23190427,True
2026-03-16,LRCX,59.427,16163826,True
2026-03-17,LRCX,61.5782,16339059,True
2026-03-18,LRCX,61.7577,25832847,True
2026-03-19,LRCX,62.6221,32969266,True
2026-03-20,LRCX,65.0371,15946091,True
2026-03-23,LRCX,67.3107,21085354,True
2026-03-24,LRCX,66.4843,17221646,True
2026-03-25,LRCX,66.4934,19460870,True
2026-03-26,LRCX,65.2388,22554223,True
2026-03-27,LRCX,66.804,20672128,True
2026-03-30,LRCX,64.5593,17613045,True
2026-03-31,LRCX,64.7239,35236110,True
2026-04-01,LRCX,65.1169,20079210,True
2026-04-02,LRCX,64.1627,19962545,True
2026-04-03,LRCX,65.9013,27511469,True
2026-04-06,LRCX,65.9708,20947192,True
2026-04-07,LRCX,65.9203,19858647,True
2026-04-08,LRCX,66.3282,26432650,True
2026-04-09,LRCX,67.8095,16152970,True
2026-04-10,LRCX,67.4375,25144569,True
2026-04-13,LRCX,69.7508,26967799,True
2026-04-14,LRCX,68.854,24613341,True
2026-04-15,LRCX,69.4758,19976602,True
2026-04-16,LRCX,68.4979,20840287,True
2026-04-17,LRCX,67.258,13638456,True
2026-04-20,LRCX,67.7046,20216894,True
2026-04-21,LRCX,68.2961,22433843,True
2026-04-22,LRCX,68.8846,25890968,True
2026-04-23,LRCX,68.6677,21627861,True
2026-04-24,LRCX,68.2312,18959368,True
2026-04-27,LRCX,65.9505,16961205,True
2026-04-28,LRCX,65.8404,20643624,True
2026-04-29,LRCX,67.4887,21586468,True
2026-04-30,LRCX,66.7062,28176918,True
2026-05-01,LRCX,66.7001,20923914,True
2026-05-04,LRCX,65.4883,18442753,True
2026-05-05,LRCX,63.7507,20330173,True
2026-05-06,LRCX,63.3919,18523214,True
2026-05-07,LRCX,62.0961,19697806,True
2026-05-08,LRCX,62.2044,12087910,True
2026-05-11,LRCX,61.3687,14073045,True
2026-05-12,LRCX,63.269,15532517,True
2026-05-13,LRCX,63.2967,23425828,True
2026-05-14,LRCX,63.2539,20475067,True
2026-05-15,LRCX,63.6955,21647427,True
2026-05-18,LRCX,63.9796,27830333,True
2026-05-19,LRCX,64.0722,16127816,True
2026-05-20,LRCX,64.979,27694088,True
2026-05-21,LRCX,65.7994,22955505,True
2026-05-22,LRCX,65.2505,17493030,True
2026-05-25,LRCX,65.1065,30163845,True
2026-05-26,LRCX,65.1168,14667390,True
2026-05-27,LRCX,66.6086,15794810,True
2026-05-28,LRCX,66.4267,19823397,True
2026-05-29,LRCX,66.0411,23069057,True
2026-06-01,LRCX,63.6831,19905161,True
2026-06-02,LRCX,64.2068,12309611,True
2026-06-03,LRCX,65.4879,19385049,True
2026-06-04,LRCX,65.0135,20438874,True
2026-06-05,LRCX,65.7198,39139074,True
2026-06-08,LRCX,66.0645,29303307,True
2026-06-09,LRCX,67.3836,21511909,True
2026-06-10,LRCX,65.9639,15936440,True
2026-06-11,LRCX,66.065,22706652,True
2026-06-12,LRCX,67.1421,15642584,True
2026-06-15,LRCX,68.7106,21938187,True
2026-06-16,LRCX,66.8439,22843366,True
2026-06-17,LRCX,67.7635,18898818,True
2026-06-18,LRCX,67.3786,22191688,True
2026-06-19,LRCX,67.8011,19231189,True
2026-06-22,LRCX,68.2785,18120462,True
2026-06-23,LRCX,67.5749,30476467,True
2026-06-24,LRCX,59.6259,64899743,True
2026-06-25,LRCX,56.3292,52117332,True
2026-06-26,LRCX,52.4619,46521570,True
2026-06-29,LRCX,51.7699,58736995,True
2026-06-30,LRCX,50.8737,64663649,True
2024-11-20,KLAC,99.034,43533468,True
2024-11-21,KLAC,99.8904,40258987,True
2024-11-22,KLAC,100.6279,35044067,True
2024-11-25,KLAC,101.8824,28259279,True
2024-11-26,KLAC,101.7941,27598178,True
2024-11-27,KLAC,100.5048,35886019,True
2024-11-28,KLAC,100.5651,45850299,True
2024-11-29,KLAC,100.1377,32516213,True
2024-12-02,KLAC,100.6099,44563340,True
2024-12-03,KLAC,98.4554,29850268,True
2024-12-04,KLAC,98.5332,43428670,True
2024-12-05,KLAC,100.0053,25063604,True
2024-12-06,KLAC,100.0483,33710556,True
2024-12-09,KLAC,98.6577,24642875,True
2024-12-10,KLAC,99.7208,37939965,True
2024-12-11,KLAC,97.6644,37123883,True
2024-12-12,KLAC,97.1074,25380676,True
2024-12-13,KLAC,97.4376,26713264,True
2024-12-16,KLAC,95.0888,28805262,True
2024-12-17,KLAC,93.8914,22183389,True
2024-12-18,KLAC,91.1381,25529712,True
2024-12-19,KLAC,90.3608,25925820,True
2024-12-20,KLAC,88.9874,39114779,True
2024-12-23,KLAC,89.3062,45454584,True
2024-12-24,KLAC,90.5225,28796160,True
2024-12-25,KLAC,90.6567,29942630,True
2024-12-26,KLAC,88.7982,33938121,True
2024-12-27,KLAC,87.6362,28243736,True
2024-12-30,KLAC,87.3899,30014551,True
2024-12-31,KLAC,89.2391,39656989,True
2025-01-01,KLAC,86.1094,34077044,True
2025-01-02,KLAC,86.4705,31497927,True
2025-01-03,KLAC,86.3942,27887553,True
2025-01-06,KLAC,83.6681,46457409,True
2025-01-07,KLAC,83.5701,27601702,True
2025-01-08,KLAC,83.7104,33162407,True
2025-01-09,KLAC,83.8013,24860031,True
2025-01-10,KLAC,83.1333,27734314,True
2025-01-13,KLAC,84.3252,32940959,True
2025-01-14,KLAC,82.0337,29153435,True
2025-01-15,KLAC,81.9342,36757001,True
2025-01-16,KLAC,79.1473,32723708,True
2025-01-17,KLAC,76.1117,22777701,True
2025-01-20,KLAC,75.161,18079350,True
2025-01-21,KLAC,78.3402,41248780,True
2025-01-22,KLAC,77.2622,27807726,True
2025-01-23,KLAC,75.9732,46548121,True
2025-01-24,KLAC,77.1691,32284251,True
2025-01-27,KLAC,76.601,26580385,True
2025-01-28,KLAC,78.0587,36977706,True
2025-01-29,KLAC,78.6589,30062066,True
2025-01-30,KLAC,77.7139,32268046,True
2025-01-31,KLAC,77.6258,25505914,True
2025-02-03,KLAC,75.9992,37722746,True
2025-02-04,KLAC,75.5182,42282735,True
2025-02-05,KLAC,75.2579,28210946,True
2025-02-06,KLAC,74.0808,50209758,True
2025-02-07,KLAC,72.6021,27904881,True
2025-02-10,KLAC,75.6836,34229212,True
2025-02-11,KLAC,74.2213,21378978,True
2025-02-12,KLAC,75.3036,19897535,True
2025-02-13,KLAC,74.6599,54356385,True
2025-02-14,KLAC,74.9996,45898783,True
2025-02-17,KLAC,73.4707,42837115,True
2025-02-18,KLAC,74.5769,21049442,True
2025-02-19,KLAC,73.1204,34028248,True
2025-02-20,KLAC,71.2136,35713296,True
2025-02-21,KLAC,71.1948,32803559,True
2025-02-24,KLAC,69.5118,34638981,True
2025-02-25,KLAC,70.2586,25566311,True
2025-02-26,KLAC,71.4804,30896452,True
2025-02-27,KLAC,68.9469,24192758,True
2025-02-28,KLAC,67.3405,29469840,True
2025-03-03,KLAC,65.3138,35281141,True
2025-03-04,KLAC,66.1464,26449316,True
2025-03-05,KLAC,65.6372,30004089,True
2025-03-06,KLAC,66.9448,28871579,True
2025-03-07,KLAC,66.6276,32270903,True
2025-03-10,KLAC,67.4538,40455961,True
2025-03-11,KLAC,68.0451,34102241,True
2025-03-12,KLAC,68.0213,35480156,True
2025-03-13,KLAC,65.6424,22437312,True
2025-03-14,KLAC,64.6236,29361559,True
2025-03-17,KLAC,66.352,39427116,True
2025-03-18,KLAC,67.6979,25926189,True
2025-03-19,KLAC,67.0399,28845671,True
2025-03-20,KLAC,66.2774,25233119,True
2025-03-21,KLAC,64.5779,44843162,True
2025-03-24,KLAC,64.6014,28706553,True
2025-03-25,KLAC,64.321,26787635,True
2025-03-26,KLAC,62.9686,37493222,True
2025-03-27,KLAC,63.3993,42285858,True
2025-03-28,KLAC,62.2577,36354032,True
2025-03-31,KLAC,62.6493,41058202,True
2025-04-01,KLAC,63.8431,33871432,True
2025-04-02,KLAC,65.4421,31112687,True
2025-04-03,KLAC,65.519,28782726,True
2025-04-04,KLAC,66.075,28298421,True
2025-04-07,KLAC,63.6729,27677354,True
2025-04-08,KLAC,63.3488,35214353,True
2025-04-09,KLAC,63.0336,31229366,True
2025-04-10,KLAC,62.0241,32828610,True
2025-04-11,KLAC,62.5001,37362945,True
2025-04-14,KLAC,64.0421,31687748,True
2025-04-15,KLAC,63.7176,22816970,True
2025-04-16,KLAC,62.696,26359627,True
2025-04-17,KLAC,64.4656,24287780,True
2025-04-18,KLAC,64.6621,19950984,True
2025-04-21,KLAC,65.1973,32964094,True
2025-04-22,KLAC,64.0475,23806330,True
2025-04-23,KLAC,64.5717,23311672,True
2025-04-24,KLAC,64.0874,24539175,True
2025-04-25,KLAC,64.1831,39932118,True
2025-04-28,KLAC,63.99,29710818,True
2025-04-29,KLAC,62.7289,41206588,True
2025-04-30,KLAC,63.337,31394299,True
2025-05-01,KLAC,62.9013,28794255,True
2025-05-02,KLAC,60.7658,36970355,True
2025-05-05,KLAC,60.954,37260977,True
2025-05-06,KLAC,59.2451,33037678,True
2025-05-07,KLAC,58.5999,24778771,True
2025-05-08,KLAC,58.0757,28637670,True
2025-05-09,KLAC,57.6665,23896949,True
2025-05-12,KLAC,56.5552,30093744,True
2025-05-13,KLAC,55.3851,32853097,True
2025-05-14,KLAC,53.942,46479856,True
2025-05-15,KLAC,52.6004,45670707,True
2025-05-16,KLAC,53.2158,38003517,True
2025-05-19,KLAC,51.7714,40727209,True
2025-05-20,KLAC,51.8522,33987888,True
2025-05-21,KLAC,51.9109,64118578,True
2025-05-22,KLAC,52.0952,46990470,True
2025-05-23,KLAC,52.2876,62133081,True
2025-05-26,KLAC,51.0272,35290168,True
2025-05-27,KLAC,51.6416,35567101,True
2025-05-28,KLAC,50.8549,41727246,True
2025-05-29,KLAC,51.3551,33627406,True
2025-05-30,KLAC,52.173,34667912,True
2025-06-02,KLAC,51.9008,25065293,True
2025-06-03,KLAC,52.4015,40565774,True
2025-06-04,KLAC,51.3523,33177740,True
2025-06-05,KLAC,50.536,39259708,True
2025-06-06,KLAC,50.3108,30351576,True
2025-06-09,KLAC,51.188,20576715,True
2025-06-10,KLAC,50.7373,36348026,True
2025-06-11,KLAC,49.915,42903714,True
2025-06-12,KLAC,49.6091,23289688,True
2025-06-13,KLAC,50.2231,25159294,True
2025-06-16,KLAC,51.4822,29740364,True
2025-06-17,KLAC,51.6203,30143071,True
2025-06-18,KLAC,49.0867,20964484,True
2025-06-19,KLAC,49.5461,49724007,True
2025-06-20,KLAC,49.719,41274626,True
2025-06-23,KLAC,49.2195,27483303,True
2025-06-24,KLAC,49.5013,20383800,True
2025-06-25,KLAC,47.7908,35097078,True
2025-06-26,KLAC,46.5736,52634208,True
2025-06-27,KLAC,46.4634,39429342,True
2025-06-30,KLAC,47.2993,42777656,True
2025-07-01,KLAC,47.1889,25333932,True
2025-07-02,KLAC,46.6968,33972660,True
2025-07-03,KLAC,47.7271,22031933,True
2025-07-04,KLAC,49.4909,52562360,True
2025-07-07,KLAC,48.5112,36956955,True
2025-07-08,KLAC,49.8844,18936467,True
2025-07-09,KLAC,49.1211,20194800,True
2025-07-10,KLAC,48.2997,36133395,True
2025-07-11,KLAC,48.4317,33173222,True
2025-07-14,KLAC,48.6779,29653971,True
2025-07-15,KLAC,48.6474,37382217,True
2025-07-16,KLAC,48.0874,52937763,True
2025-07-17,KLAC,47.1272,35119227,True
2025-07-18,KLAC,47.0721,20415266,True
2025-07-21,KLAC,47.3458,30797768,True
2025-07-22,KLAC,45.8804,23089747,True
2025-07-23,KLAC,44.8758,26208042,True
2025-07-24,KLAC,45.4208,34756679,True
2025-07-25,KLAC,45.0887,30700425,True
2025-07-28,KLAC,45.692,24546546,True
2025-07-29,KLAC,44.6417,31811530,True
2025-07-30,KLAC,44.0736,26111004,True
2025-07-31,KLAC,44.0253,36547179,True
2025-08-01,KLAC,44.0091,30127838,True
2025-08-04,KLAC,43.9955,35291344,True
2025-08-05,KLAC,43.7018,29932868,True
2025-08-06,KLAC,43.8462,38581711,True
2025-08-07,KLAC,44.4644,30926803,True
2025-08-08,KLAC,44.0214,31892256,True
2025-08-11,KLAC,43.0692,27775798,True
2025-08-12,KLAC,42.2128,33144041,True
2025-08-13,KLAC,41.8866,20530961,True
2025-08-14,KLAC,42.2144,62290582,True
2025-08-15,KLAC,42.1039,26975443,True
2025-08-18,KLAC,42.4073,32776856,True
2025-08-19,KLAC,43.1457,28399848,True
2025-08-20,KLAC,42.623,28300087,True
2025-08-21,KLAC,42.9466,35350706,True
2025-08-22,KLAC,44.0489,28134314,True
2025-08-25,KLAC,44.2685,28719630,True
2025-08-26,KLAC,46.1001,22646824,True
2025-08-27,KLAC,46.4394,25369395,True
2025-08-28,KLAC,47.3229,23857463,True
2025-08-29,KLAC,47.6517,50134955,True
2025-09-01,KLAC,47.7453,22890993,True
2025-09-02,KLAC,47.4906,24430909,True
2025-09-03,KLAC,49.1253,33525891,True
2025-09-04,KLAC,49.3523,45651341,True
2025-09-05,KLAC,49.9122,20917857,True
2025-09-08,KLAC,50.1049,21688289,True
2025-09-09,KLAC,49.4499,32952562,True
2025-09-10,KLAC,51.165,34747605,True
2025-09-11,KLAC,51.6038,22417955,True
2025-09-12,KLAC,50.8995,20356437,True
2025-09-15,KLAC,50.7745,25110538,True
2025-09-16,KLAC,49.8019,38484355,True
2025-09-17,KLAC,49.0676,31581582,True
2025-09-18,KLAC,48.5268,38458277,True
2025-09-19,KLAC,48.7702,31076798,True
2025-09-22,KLAC,48.7072,31654451,True
2025-09-23,KLAC,47.848,37207449,True
2025-09-24,KLAC,46.7685,30980014,True
2025-09-25,KLAC,46.7933,33847824,True
2025-09-26,KLAC,46.6455,25404683,True
2025-09-29,KLAC,46.6169,27461289,True
2025-09-30,KLAC,46.5216,35867725,True
2025-10-01,KLAC,45.4355,30044315,True
2025-10-02,KLAC,45.7451,26462518,True
2025-10-03,KLAC,45.5623,37597131,True
2025-10-06,KLAC,45.3947,36566048,True
2025-10-07,KLAC,45.6271,31837541,True
2025-10-08,KLAC,46.026,26381860,True
2025-10-09,KLAC,45.4021,39907101,True
2025-10-10,KLAC,44.6631,59532097,True
2025-10-13,KLAC,45.0644,25965482,True
2025-10-14,KLAC,45.3073,21690840,True
2025-10-15,KLAC,44.8784,26238856,True
2025-10-16,KLAC,45.8917,25249271,True
2025-10-17,KLAC,45.5741,23241682,True
2025-10-20,KLAC,44.8862,23720054,True
2025-10-21,KLAC,44.57,39401743,True
2025-10-22,KLAC,45.2535,39515706,True
2025-10-23,KLAC,44.8577,46148687,True
2025-10-24,KLAC,44.4671,38410545,True
2025-10-27,KLAC,45.0922,28283880,True
2025-10-28,KLAC,45.904,41793486,True
2025-10-29,KLAC,47.3646,27348770,True
2025-10-30,KLAC,47.7562,29214224,True
2025-10-31,KLAC,46.7868,23764677,True
2025-11-03,KLAC,48.365,43293728,True
2025-11-04,KLAC,47.196,41013149,True
2025-11-05,KLAC,45.2774,28370283,True
2025-11-06,KLAC,46.1522,29474483,True
2025-11-07,KLAC,48.1423,32134600,True
2025-11-10,KLAC,47.814,33490653,True
2025-11-11,KLAC,46.522,39334641,True
2025-11-12,KLAC,45.0048,32378489,True
2025-11-13,KLAC,46.3308,35197399,True
2025-11-14,KLAC,46.1575,21885200,True
2025-11-17,KLAC,45.712,29529029,True
2025-11-18,KLAC,46.0229,20337636,True
2025-11-19,KLAC,47.0556,49711600,True
2025-11-20,KLAC,47.5945,45117571,True
2025-11-21,KLAC,49.2598,38067953,True
2025-11-24,KLAC,49.5693,42019997,True
2025-11-25,KLAC,49.2422,52525767,True
2025-11-26,KLAC,48.958,40250163,True
2025-11-27,KLAC,49.5687,21376391,True
2025-11-28,KLAC,50.7044,30222503,True
2025-12-01,KLAC,50.3183,17667235,True
2025-12-02,KLAC,50.7021,25957934,True
2025-12-03,KLAC,50.7431,23313404,True
2025-12-04,KLAC,51.0109,31745657,True
2025-12-05,KLAC,51.6319,35062368,True
2025-12-08,KLAC,51.6501,25222060,True
2025-12-09,KLAC,50.568,29631397,True
2025-12-10,KLAC,53.2219,34101263,True
2025-12-11,KLAC,54.2785,30575071,True
2025-12-12,KLAC,52.8541,30406932,True
2025-12-15,KLAC,53.5105,17431785,True
2025-12-16,KLAC,54.4786,28471162,True
2025-12-17,KLAC,53.4115,38748382,True
2025-12-18,KLAC,52.679,33902862,True
2025-12-19,KLAC,52.4089,21939613,True
2025-12-22,KLAC,52.742,29686064,True
2025-12-23,KLAC,53.5815,33963147,True
2025-12-24,KLAC,54.1607,24908931,True
2025-12-25,KLAC,55.1693,37607924,True
2025-12-26,KLAC,57.0909,26004259,True
2025-12-29,KLAC,57.0034,29247551,True
2025-12-30,KLAC,57.0094,30914663,True
2025-12-31,KLAC,54.2427,55423326,True
2026-01-01,KLAC,55.9313,29318445,True
2026-01-02,KLAC,56.4042,27538643,True
2026-01-05,KLAC,56.744,37987555,True
2026-01-06,KLAC,57.6115,28233888,True
2026-01-07,KLAC,57.2417,33334130,True
2026-01-08,KLAC,55.9714,18081473,True
2026-01-09,KLAC,56.2514,34216673,True
2026-01-12,KLAC,56.5302,31605986,True
2026-01-13,KLAC,56.2377,23003416,True
2026-01-14,KLAC,55.7469,44582074,True
2026-01-15,KLAC,55.468,29919796,True
2026-01-16,KLAC,55.2959,30239589,True
2026-01-19,KLAC,55.2476,22865726,True
2026-01-20,KLAC,55.8617,21152481,True
2026-01-21,KLAC,57.1116,27549956,True
2026-01-22,KLAC,59.0063,21701238,True
2026-01-23,KLAC,59.0203,35894625,True
2026-01-26,KLAC,56.8472,39457216,True
2026-01-27,KLAC,55.6189,27092368,True
2026-01-28,KLAC,56.25,21235261,True
2026-01-29,KLAC,56.3223,28771079,True
2026-01-30,KLAC,56.573,24355333,True
2026-02-02,KLAC,55.1825,33098134,True
2026-02-03,KLAC,55.2264,33204407,True
2026-02-04,KLAC,54.6772,28535166,True
2026-02-05,KLAC,54.4504,32329335,True
2026-02-06,KLAC,55.6637,41171455,True
2026-02-09,KLAC,55.1309,48591508,True
2026-02-10,KLAC,55.4142,27856454,True
2026-02-11,KLAC,54.4092,38016659,True
2026-02-12,KLAC,53.5876,29904406,True
2026-02-13,KLAC,52.451,24363071,True
2026-02-16,KLAC,52.7185,43718430,True
2026-02-17,KLAC,52.386,35003495,True
2026-02-18,KLAC,54.3834,32864850,True
2026-02-19,KLAC,55.663,34669847,True
2026-02-20,KLAC,55.4603,30464333,True
2026-02-23,KLAC,54.6323,24384802,True
2026-02-24,KLAC,56.3949,49451166,True
2026-02-25,KLAC,56.2953,39725441,True
2026-02-26,KLAC,56.9016,33882544,True
2026-02-27,KLAC,55.8354,40383011,True
2026-03-02,KLAC,55.8363,43748167,True
2026-03-03,KLAC,55.0373,30177916,True
2026-03-04,KLAC,54.3679,36737355,True
2026-03-05,KLAC,54.0099,29251961,True
2026-03-06,KLAC,52.4505,37267898,True
2026-03-09,KLAC,53.199,29768236,True
2026-03-10,KLAC,53.4627,58293782,True
2026-03-11,KLAC,53.3517,29011991,True
2026-03-12,KLAC,54.5091,36086340,True
2026-03-13,KLAC,57.2475,35614715,True
2026-03-16,KLAC,57.6387,29174200,True
2026-03-17,KLAC,57.5303,40085822,True
2026-03-18,KLAC,58.6613,31065051,True
2026-03-19,KLAC,58.8034,28616489,True
2026-03-20,KLAC,59.2832,31731994,True
2026-03-23,KLAC,62.2865,26291754,True
2026-03-24,KLAC,60.7186,42780182,True
2026-03-25,KLAC,60.1128,37085147,True
2026-03-26,KLAC,59.4246,40545835,True
2026-03-27,KLAC,61.4774,22628908,True
2026-03-30,KLAC,59.8395,33941175,True
2026-03-31,KLAC,60.0988,26173328,True
2026-04-01,KLAC,59.6994,32411921,True
2026-04-02,KLAC,59.1883,43615590,True
2026-04-03,KLAC,59.7224,33823831,True
2026-04-06,KLAC,60.8142,30357347,True
2026-04-07,KLAC,59.1102,41969117,True
2026-04-08,KLAC,59.2723,40838923,True
2026-04-09,KLAC,59.5251,50350383,True
2026-04-10,KLAC,60.0904,19921595,True
2026-04-13,KLAC,60.7908,34425402,True
2026-04-14,KLAC,59.6108,28584138,True
2026-04-15,KLAC,58.9303,25491824,True
2026-04-16,KLAC,57.5274,32647428,True
2026-04-17,KLAC,56.3616,23720892,True
2026-04-20,KLAC,56.0534,18149023,True
2026-04-21,KLAC,55.801,25314377,True
2026-04-22,KLAC,55.5141,29715701,True
2026-04-23,KLAC,55.7874,50581679,True
2026-04-24,KLAC,55.6016,26486668,True
2026-04-27,KLAC,55.1311,23684932,True
2026-04-28,KLAC,54.0267,19348891,True
2026-04-29,KLAC,54.4325,29052185,True
2026-04-30,KLAC,54.1423,29873637,True
2026-05-01,KLAC,53.5022,32919317,True
2026-05-04,KLAC,52.8362,22098366,True
2026-05-05,KLAC,51.5843,26218656,True
2026-05-06,KLAC,51.2646,17996356,True
2026-05-07,KLAC,51.3952,33083297,True
2026-05-08,KLAC,50.8802,21427848,True
2026-05-11,KLAC,51.0529,15963874,True
2026-05-12,KLAC,51.6434,42396997,True
2026-05-13,KLAC,51.612,35992786,True
2026-05-14,KLAC,52.242,34634615,True
2026-05-15,KLAC,51.8763,34627902,True
2026-05-18,KLAC,51.8495,24488741,True
2026-05-19,KLAC,52.1968,41490002,True
2026-05-20,KLAC,50.2743,24410755,True
2026-05-21,KLAC,50.7765,51160157,True
2026-05-22,KLAC,50.6105,33567633,True
2026-05-25,KLAC,50.9297,20005525,True
2026-05-26,KLAC,50.0622,39422504,True
2026-05-27,KLAC,49.5623,51957022,True
2026-05-28,KLAC,49.3967,29770421,True
2026-05-29,KLAC,49.1476,41420092,True
2026-06-01,KLAC,47.8336,30090178,True
2026-06-02,KLAC,47.1606,27119960,True
2026-06-03,KLAC,47.176,16639689,True
2026-06-04,KLAC,47.1002,43222459,True
2026-06-05,KLAC,46.2388,28389030,True
2026-06-08,KLAC,47.2939,34894660,True
2026-06-09,KLAC,47.086,23900682,True
2026-06-10,KLAC,46.4555,25284316,True
2026-06-11,KLAC,46.671,41963273,True
2026-06-12,KLAC,47.0667,28813343,True
2026-06-15,KLAC,48.5093,28707621,True
2026-06-16,KLAC,48.1796,23157415,True
2026-06-17,KLAC,48.3717,33449732,True
2026-06-18,KLAC,48.7957,38564847,True
2026-06-19,KLAC,49.916,28288193,True
2026-06-22,KLAC,49.3544,30288338,True
2026-06-23,KLAC,49.4237,23391431,True
2026-06-24,KLAC,45.7883,150837713,True
2026-06-25,KLAC,44.5751,90980755,True
2026-06-26,KLAC,43.633,102158878,True
2026-06-29,KLAC,43.5168,161901800,True
2026-06-30,KLAC,42.3482,100367876,True
2024-11-20,TER,102.1594,15880003,True
2024-11-21,TER,101.2287,12263636,True
2024-11-22,TER,100.4072,12947548,True
2024-11-25,TER,101.3859,24702049,True
2024-11-26,TER,101.3242,21753074,True
2024-11-27,TER,100.5196,15045394,True
2024-11-28,TER,102.5136,17993439,True
2024-11-29,TER,103.8746,19131971,True
2024-12-02,TER,103.483,19337838,True
2024-12-03,TER,99.8553,21026918,True
2024-12-04,TER,100.5208,37244492,True
2024-12-05,TER,101.9739,17352388,True
2024-12-06,TER,101.0612,21979472,True
2024-12-09,TER,102.5298,17405009,True
2024-12-10,TER,101.6962,18045247,True
2024-12-11,TER,100.1107,16920871,True
2024-12-12,TER,99.4959,19977329,True
2024-12-13,TER,100.2001,18398038,True
2024-12-16,TER,98.044,23166870,True
2024-12-17,TER,96.6617,22372953,True
2024-12-18,TER,95.8671,16866310,True
2024-12-19,TER,94.2892,34583281,True
2024-12-20,TER,94.0453,15716719,True
2024-12-23,TER,92.6033,23203592,True
2024-12-24,TER,93.175,36872715,True
2024-12-25,TER,92.6182,17659546,True
2024-12-26,TER,90.1372,29729990,True
2024-12-27,TER,89.0914,30450052,True
2024-12-30,TER,88.2934,23103075,True
2024-12-31,TER,89.1286,13214206,True
2025-01-01,TER,88.5191,30455586,True
2025-01-02,TER,89.3833,21694960,True
2025-01-03,TER,89.5739,18425712,True
2025-01-06,TER,88.2861,29354512,True
2025-01-07,TER,88.5884,17607726,True
2025-01-08,TER,86.4589,27810743,True
2025-01-09,TER,86.8628,18419432,True
2025-01-10,TER,86.1627,24297065,True
2025-01-13,TER,83.9861,16095370,True
2025-01-14,TER,84.1976,19150208,True
2025-01-15,TER,83.0888,16769635,True
2025-01-16,TER,82.7118,17666377,True
2025-01-17,TER,81.0083,22223781,True
2025-01-20,TER,80.8467,20282943,True
2025-01-21,TER,85.1323,22231159,True
2025-01-22,TER,82.84,29401368,True
2025-01-23,TER,82.049,20577090,True
2025-01-24,TER,83.2543,13176787,True
2025-01-27,TER,81.2443,19685604,True
2025-01-28,TER,81.7807,21626209,True
2025-01-29,TER,80.91,27482342,True
2025-01-30,TER,78.9645,27589129,True
2025-01-31,TER,79.4996,27007507,True
2025-02-03,TER,79.7346,19992459,True
2025-02-04,TER,78.5877,24984176,True
2025-02-05,TER,78.7601,14660245,True
2025-02-06,TER,79.871,29474381,True
2025-02-07,TER,78.4928,23697374,True
2025-02-10,TER,80.7887,24121954,True
2025-02-11,TER,80.7084,19233611,True
2025-02-12,TER,82.1662,21492834,True
2025-02-13,TER,81.2144,17862487,True
2025-02-14,TER,80.5909,24486470,True
2025-02-17,TER,78.8731,15094437,True
2025-02-18,TER,80.7872,27154427,True
2025-02-19,TER,80.7452,24345757,True
2025-02-20,TER,78.4395,35537590,True
2025-02-21,TER,76.765,20981600,True
2025-02-24,TER,73.9356,20692519,True
2025-02-25,TER,72.6736,22262411,True
2025-02-26,TER,74.0141,21389744,True
2025-02-27,TER,72.2371,20617321,True
2025-02-28,TER,72.6505,15989394,True
2025-03-03,TER,73.0329,15977945,True
2025-03-04,TER,74.9435,18335955,True
2025-03-05,TER,74.5907,19674642,True
2025-03-06,TER,73.9977,15651231,True
2025-03-07,TER,71.9473,15754029,True
2025-03-10,TER,72.4951,19708801,True
2025-03-11,TER,73.6454,25606677,True
2025-03-12,TER,71.8855,20182551,True
2025-03-13,TER,71.478,25196617,True
2025-03-14,TER,71.8175,27161438,True
2025-03-17,TER,72.2409,25783059,True
2025-03-18,TER,72.7974,19029957,True
2025-03-19,TER,71.5964,19111345,True
2025-03-20,TER,71.1376,13164543,True
2025-03-21,TER,70.3329,17798948,True
2025-03-24,TER,70.2588,23881691,True
2025-03-25,TER,71.528,16053605,True
2025-03-26,TER,72.1876,29941021,True
2025-03-27,TER,73.3529,30559566,True
2025-03-28,TER,70.8556,19286893,True
2025-03-31,TER,70.0753,26818354,True
2025-04-01,TER,70.6214,14757440,True
2025-04-02,TER,71.3812,16214198,True
2025-04-03,TER,71.1665,19270403,True
2025-04-04,TER,70.736,21239671,True
2025-04-07,TER,68.1547,20210102,True
2025-04-08,TER,66.6398,17004851,True
2025-04-09,TER,65.5915,35008078,True
2025-04-10,TER,64.1713,22827963,True
2025-04-11,TER,64.6088,22800545,True
2025-04-14,TER,64.5524,25217494,True
2025-04-15,TER,65.2337,22163923,True
2025-04-16,TER,63.2297,19978004,True
2025-04-17,TER,65.3231,18385456,True
2025-04-18,TER,64.5592,13952420,True
2025-04-21,TER,64.4872,31035590,True
2025-04-22,TER,64.5099,16752511,True
2025-04-23,TER,64.8259,13861031,True
2025-04-24,TER,65.3988,17243754,True
2025-04-25,TER,64.8485,14079209,True
2025-04-28,TER,63.5597,35257173,True
2025-04-29,TER,63.0927,23263315,True
2025-04-30,TER,63.3391,30364350,True
2025-05-01,TER,62.3885,30718847,True
2025-05-02,TER,60.42,24503088,True
2025-05-05,TER,60.4332,24529320,True
2025-05-06,TER,59.6895,17623227,True
2025-05-07,TER,60.0149,20742346,True
2025-05-08,TER,60.5307,18164802,True
2025-05-09,TER,60.7826,21425113,True
2025-05-12,TER,59.7932,17728370,True
2025-05-13,TER,57.6838,29281567,True
2025-05-14,TER,58.8601,25758081,True
2025-05-15,TER,57.6136,20625262,True
2025-05-16,TER,58.3776,13835140,True
2025-05-19,TER,57.2753,25239664,True
2025-05-20,TER,57.0034,26558119,True
2025-05-21,TER,56.7313,20826978,True
2025-05-22,TER,58.2634,15362444,True
2025-05-23,TER,59.2862,23666186,True
2025-05-26,TER,58.6407,27707566,True
2025-05-27,TER,60.9896,12994768,True
2025-05-28,TER,60.6807,24487531,True
2025-05-29,TER,61.2708,13336473,True
2025-05-30,TER,60.9591,21624085,True
2025-06-02,TER,61.9399,33089489,True
2025-06-03,TER,61.6355,21694912,True
2025-06-04,TER,62.6301,23954388,True
2025-06-05,TER,63.4126,19524370,True
2025-06-06,TER,62.3028,21156770,True
2025-06-09,TER,63.6352,38589865,True
2025-06-10,TER,63.6348,29779330,True
2025-06-11,TER,61.8521,19561167,True
2025-06-12,TER,61.5757,19231335,True
2025-06-13,TER,61.9419,21291553,True
2025-06-16,TER,61.4867,37080669,True
2025-06-17,TER,61.7129,22352182,True
2025-06-18,TER,60.3925,28143417,True
2025-06-19,TER,61.9961,19314665,True
2025-06-20,TER,61.3961,15321954,True
2025-06-23,TER,60.8079,29700210,True
2025-06-24,TER,61.6289,20784771,True
2025-06-25,TER,62.1101,17354884,True
2025-06-26,TER,60.4788,17763898,True
2025-06-27,TER,60.2325,17861649,True
2025-06-30,TER,60.848,18157012,True
2025-07-01,TER,59.5531,14315123,True
2025-07-02,TER,58.9569,28779728,True
2025-07-03,TER,60.0765,23360588,True
2025-07-04,TER,60.9299,27168102,True
2025-07-07,TER,59.803,19414818,True
2025-07-08,TER,60.064,23150446,True
2025-07-09,TER,58.7798,22114170,True
2025-07-10,TER,57.3951,28580831,True
2025-07-11,TER,57.4628,26079392,True
2025-07-14,TER,58.5876,23218775,True
2025-07-15,TER,59.9058,17964376,True
2025-07-16,TER,60.1793,15609685,True
2025-07-17,TER,59.985,17289860,True
2025-07-18,TER,60.8172,18036207,True
2025-07-21,TER,61.4935,18477753,True
2025-07-22,TER,60.7451,15472303,True
2025-07-23,TER,59.7432,32334714,True
2025-07-24,TER,60.3425,22698648,True
2025-07-25,TER,61.4292,12689501,True
2025-07-28,TER,61.4185,16053170,True
2025-07-29,TER,62.9129,15071742,True
2025-07-30,TER,61.7913,22518524,True
2025-07-31,TER,61.6981,27795020,True
2025-08-01,TER,63.0047,16492521,True
2025-08-04,TER,62.8606,24804940,True
2025-08-05,TER,62.1435,19755712,True
2025-08-06,TER,61.2719,28382593,True
2025-08-07,TER,60.8048,29984684,True
2025-08-08,TER,60.2649,22936018,True
2025-08-11,TER,59.4801,25435041,True
2025-08-12,TER,58.5872,21176748,True
2025-08-13,TER,57.0473,19274630,True
2025-08-14,TER,58.0985,15773423,True
2025-08-15,TER,58.2472,23027979,True
2025-08-18,TER,58.0154,20818607,True
2025-08-19,TER,58.3323,19225055,True
2025-08-20,TER,55.9489,20786619,True
2025-08-21,TER,57.3809,20218944,True
2025-08-22,TER,57.8787,16285139,True
2025-08-25,TER,58.3606,18535779,True
2025-08-26,TER,61.0794,28316799,True
2025-08-27,TER,61.7945,19976451,True
2025-08-28,TER,62.6508,30196909,True
2025-08-29,TER,63.1561,15817380,True
2025-09-01,TER,64.3817,15033312,True
2025-09-02,TER,65.9316,21888806,True
2025-09-03,TER,67.3153,25800031,True
2025-09-04,TER,66.8324,17945162,True
2025-09-05,TER,67.3062,24831978,True
2025-09-08,TER,68.0629,26849246,True
2025-09-09,TER,67.9625,27816857,True
2025-09-10,TER,68.2748,20605348,True
2025-09-11,TER,70.764,20918729,True
2025-09-12,TER,69.8644,13949485,True
2025-09-15,TER,70.1282,21316851,True
2025-09-16,TER,69.7839,22754974,True
2025-09-17,TER,69.2932,30312138,True
2025-09-18,TER,68.3241,15358644,True
2025-09-19,TER,68.7442,17104142,True
2025-09-22,TER,69.2827,16446165,True
2025-09-23,TER,68.4198,26605629,True
2025-09-24,TER,67.7408,11170993,True
2025-09-25,TER,66.9738,16113752,True
2025-09-26,TER,65.2341,35710408,True
2025-09-29,TER,65.6651,25023956,True
2025-09-30,TER,66.3516,15140533,True
2025-10-01,TER,66.562,20874113,True
2025-10-02,TER,66.8319,26253720,True
2025-10-03,TER,65.2067,24360810,True
2025-10-06,TER,65.3129,20039004,True
2025-10-07,TER,64.6455,17344232,True
2025-10-08,TER,65.3353,26158000,True
2025-10-09,TER,63.5478,21159107,True
2025-10-10,TER,64.0306,26008413,True
2025-10-13,TER,65.6273,23433176,True
2025-10-14,TER,65.5335,18834522,True
2025-10-15,TER,65.1976,30511268,True
2025-10-16,TER,66.4193,18683073,True
2025-10-17,TER,67.5698,23631788,True
2025-10-20,TER,67.3316,18062037,True
2025-10-21,TER,65.5541,19994917,True
2025-10-22,TER,65.839,19897260,True
2025-10-23,TER,67.492,17932799,True
2025-10-24,TER,67.2769,22505495,True
2025-10-27,TER,68.2975,29506841,True
2025-10-28,TER,70.9167,33895182,True
2025-10-29,TER,71.2717,30454748,True
2025-10-30,TER,69.6215,20290945,True
2025-10-31,TER,69.0768,30617751,True
2025-11-03,TER,70.2175,23558141,True
2025-11-04,TER,67.8316,33359432,True
2025-11-05,TER,65.6537,15422772,True
2025-11-06,TER,65.4683,30809092,True
2025-11-07,TER,66.765,18222477,True
2025-11-10,TER,65.7541,28380290,True
2025-11-11,TER,63.8146,18842612,True
2025-11-12,TER,61.8853,26680433,True
2025-11-13,TER,62.9912,19740810,True
2025-11-14,TER,62.5436,13192144,True
2025-11-17,TER,63.7337,16603205,True
2025-11-18,TER,64.3171,19944210,True
2025-11-19,TER,63.5954,21322881,True
2025-11-20,TER,64.233,12051135,True
2025-11-21,TER,65.951,15668422,True
2025-11-24,TER,65.8219,17626013,True
2025-11-25,TER,65.8177,20092669,True
2025-11-26,TER,65.5598,22406214,True
2025-11-27,TER,66.36,17232927,True
2025-11-28,TER,66.3704,14459411,True
2025-12-01,TER,65.7818,22872291,True
2025-12-02,TER,64.5259,19492926,True
2025-12-03,TER,65.3847,26508365,True
2025-12-04,TER,63.9176,18563982,True
2025-12-05,TER,62.5865,24933769,True
2025-12-08,TER,63.2947,16934541,True
2025-12-09,TER,62.7299,22674534,True
2025-12-10,TER,64.735,21680404,True
2025-12-11,TER,65.8744,23735716,True
2025-12-12,TER,64.2364,16751959,True
2025-12-15,TER,64.1911,20553954,True
2025-12-16,TER,65.5244,17116870,True
2025-12-17,TER,65.7417,20353856,True
2025-12-18,TER,65.2754,24788514,True
2025-12-19,TER,67.3439,44936925,True
2025-12-22,TER,67.0109,21382328,True
2025-12-23,TER,68.2613,25375018,True
2025-12-24,TER,68.6483,21807443,True
2025-12-25,TER,69.5109,28200398,True
2025-12-26,TER,70.6702,23811707,True
2025-12-29,TER,70.249,27574028,True
2025-12-30,TER,71.3128,23181600,True
2025-12-31,TER,68.704,38780377,True
2026-01-01,TER,70.6491,29981971,True
2026-01-02,TER,70.6303,13813671,True
2026-01-05,TER,71.9223,22862075,True
2026-01-06,TER,72.3065,21623249,True
2026-01-07,TER,71.5294,12174816,True
2026-01-08,TER,70.7536,17075020,True
2026-01-09,TER,70.9037,18886033,True
2026-01-12,TER,71.5346,17629056,True
2026-01-13,TER,70.1142,21908817,True
2026-01-14,TER,71.195,13506777,True
2026-01-15,TER,72.7107,25586926,True
2026-01-16,TER,72.3607,25768979,True
2026-01-19,TER,72.4758,23177384,True
2026-01-20,TER,71.6999,19523898,True
2026-01-21,TER,73.1418,21237889,True
2026-01-22,TER,75.0854,18873215,True
2026-01-23,TER,75.3588,28288405,True
2026-01-26,TER,74.2746,24088853,True
2026-01-27,TER,73.4723,35008392,True
2026-01-28,TER,71.8271,19344887,True
2026-01-29,TER,71.2359,30548001,True
2026-01-30,TER,70.0938,18358220,True
2026-02-02,TER,67.7359,20328841,True
2026-02-03,TER,67.7684,16325988,True
2026-02-04,TER,67.2236,24202930,True
2026-02-05,TER,68.368,20906095,True
2026-02-06,TER,68.6083,24803613,True
2026-02-09,TER,67.9306,30855582,True
2026-02-10,TER,69.6047,20926634,True
2026-02-11,TER,68.2532,23348711,True
2026-02-12,TER,68.5633,26599353,True
2026-02-13,TER,69.3342,20912529,True
2026-02-16,TER,69.7745,18499510,True
2026-02-17,TER,70.8854,23217260,True
2026-02-18,TER,72.0244,24084126,True
2026-02-19,TER,71.899,25816774,True
2026-02-20,TER,71.598,26157194,True
2026-02-23,TER,71.0509,17948677,True
2026-02-24,TER,73.9549,23733831,True
2026-02-25,TER,73.675,28910196,True
2026-02-26,TER,74.0065,18895044,True
2026-02-27,TER,71.8289,23252007,True
2026-03-02,TER,72.9471,18175143,True
2026-03-03,TER,71.182,22137770,True
2026-03-04,TER,69.2101,32815762,True
2026-03-05,TER,68.3592,22171779,True
2026-03-06,TER,67.1255,16662686,True
2026-03-09,TER,70.1132,23151878,True
2026-03-10,TER,71.703,22409554,True
2026-03-11,TER,70.8312,28085259,True
2026-03-12,TER,71.652,15049531,True
2026-03-13,TER,73.3961,16873567,True
2026-03-16,TER,71.3226,20820243,True
2026-03-17,TER,70.0571,14382233,True
2026-03-18,TER,68.1939,28229558,True
2026-03-19,TER,67.7601,12779230,True
2026-03-20,TER,66.8012,17241191,True
2026-03-23,TER,67.7684,14661505,True
2026-03-24,TER,66.1149,18013846,True
2026-03-25,TER,65.0894,25954847,True
2026-03-26,TER,63.9329,24693526,True
2026-03-27,TER,65.8503,26782250,True
2026-03-30,TER,64.3948,24699867,True
2026-03-31,TER,64.363,12756829,True
2026-04-01,TER,64.8352,22900235,True
2026-04-02,TER,65.7389,13368028,True
2026-04-03,TER,66.618,18716968,True
2026-04-06,TER,67.1955,19243627,True
2026-04-07,TER,65.4494,18527530,True
2026-04-08,TER,65.6607,24018375,True
2026-04-09,TER,66.3432,17335507,True
2026-04-10,TER,66.3718,32773324,True
2026-04-13,TER,66.7021,24668393,True
2026-04-14,TER,65.9776,28547432,True
2026-04-15,TER,64.9881,25680104,True
2026-04-16,TER,64.9432,26561099,True
2026-04-17,TER,64.0312,21010667,True
2026-04-20,TER,63.8752,34739566,True
2026-04-21,TER,65.1824,16311733,True
2026-04-22,TER,63.2321,23838733,True
2026-04-23,TER,64.1275,21257444,True
2026-04-24,TER,64.1309,20078265,True
2026-04-27,TER,63.1937,22998935,True
2026-04-28,TER,62.007,17599784,True
2026-04-29,TER,64.6778,26403477,True
2026-04-30,TER,63.9786,25854743,True
2026-05-01,TER,63.6948,21763150,True
2026-05-04,TER,63.4826,25549050,True
2026-05-05,TER,62.261,16370542,True
2026-05-06,TER,61.9847,13498425,True
2026-05-07,TER,61.7542,18364739,True
2026-05-08,TER,61.3531,20014504,True
2026-05-11,TER,61.3001,39658357,True
2026-05-12,TER,62.4269,20057967,True
2026-05-13,TER,63.9218,27505974,True
2026-05-14,TER,64.4414,26249843,True
2026-05-15,TER,65.3473,36032381,True
2026-05-18,TER,66.1527,21868559,True
2026-05-19,TER,67.8435,25018706,True
2026-05-20,TER,66.2925,20234156,True
2026-05-21,TER,67.4238,17103223,True
2026-05-22,TER,67.0264,16514108,True
2026-05-25,TER,66.879,17453497,True
2026-05-26,TER,66.0811,30377999,True
2026-05-27,TER,67.3832,22814974,True
2026-05-28,TER,68.1388,20437125,True
2026-05-29,TER,67.4661,21334657,True
2026-06-01,TER,64.5837,18441743,True
2026-06-02,TER,63.4396,21062868,True
2026-06-03,TER,64.5901,21028135,True
2026-06-04,TER,64.5769,25007505,True
2026-06-05,TER,65.1261,26687170,True
2026-06-08,TER,65.6457,14103201,True
2026-06-09,TER,66.2259,22513616,True
2026-06-10,TER,65.2654,29974936,True
2026-06-11,TER,64.4198,16450461,True
2026-06-12,TER,66.4197,19952452,True
2026-06-15,TER,68.4136,22159434,True
2026-06-16,TER,66.824,27985120,True
2026-06-17,TER,66.4025,24666086,True
2026-06-18,TER,66.5603,20110187,True
2026-06-19,TER,67.4034,24079751,True
2026-06-22,TER,66.1566,27541315,True
2026-06-23,TER,66.5072,23426485,True
2026-06-24,TER,60.9981,124670390,True
2026-06-25,TER,59.6762,87038057,True
2026-06-26,TER,58.2806,60193584,True
2026-06-29,TER,58.874,64344010,True
2026-06-30,TER,56.7452,75710294,True
2024-11-20,SOXX,200.8998,5824684,True
2024-11-21,SOXX,198.1221,3998327,True
2024-11-22,SOXX,198.8573,4079996,True
2024-11-25,SOXX,201.4595,4622563,True
2024-11-26,SOXX,200.3695,2121237,True
2024-11-27,SOXX,201.8846,5396822,True
2024-11-28,SOXX,202.2752,3664445,True
2024-11-29,SOXX,200.9314,5020452,True
2024-12-02,SOXX,200.1469,2530175,True
2024-12-03,SOXX,199.874,3969366,True
2024-12-04,SOXX,200.0732,4275645,True
2024-12-05,SOXX,198.66,5091610,True
2024-12-06,SOXX,198.554,4387398,True
2024-12-09,SOXX,198.9831,4488647,True
2024-12-10,SOXX,195.9302,5697761,True
2024-12-11,SOXX,193.1699,3082536,True
2024-12-12,SOXX,193.19,3794814,True
2024-12-13,SOXX,195.4308,5523361,True
2024-12-16,SOXX,192.6616,3825659,True
2024-12-17,SOXX,191.7107,4367328,True
2024-12-18,SOXX,191.2617,4022017,True
2024-12-19,SOXX,189.436,5895743,True
2024-12-20,SOXX,191.9825,4716087,True
2024-12-23,SOXX,191.3671,5091925,True
2024-12-24,SOXX,194.9683,2127978,True
2024-12-25,SOXX,194.2776,3579134,True
2024-12-26,SOXX,195.7724,4989382,True
2024-12-27,SOXX,195.049,2672868,True
2024-12-30,SOXX,194.5564,5118390,True
2024-12-31,SOXX,195.8941,5684545,True
2025-01-01,SOXX,194.7283,5044998,True
2025-01-02,SOXX,195.6276,4892211,True
2025-01-03,SOXX,195.3715,3100616,True
2025-01-06,SOXX,193.8344,2484056,True
2025-01-07,SOXX,194.2737,5754301,True
2025-01-08,SOXX,193.5994,3686969,True
2025-01-09,SOXX,196.0242,5605983,True
2025-01-10,SOXX,194.3978,4669774,True
2025-01-13,SOXX,193.6025,5725622,True
2025-01-14,SOXX,191.2078,2101481,True
2025-01-15,SOXX,191.8994,5198798,True
2025-01-16,SOXX,189.1387,4956577,True
2025-01-17,SOXX,186.5933,4252443,True
2025-01-20,SOXX,187.2539,2651376,True
2025-01-21,SOXX,188.8171,2814006,True
2025-01-22,SOXX,186.9978,5716842,True
2025-01-23,SOXX,185.921,3559034,True
2025-01-24,SOXX,184.3305,5010056,True
2025-01-27,SOXX,183.9275,5903834,True
2025-01-28,SOXX,184.6385,2912132,True
2025-01-29,SOXX,183.4932,2267303,True
2025-01-30,SOXX,180.6097,2141712,True
2025-01-31,SOXX,182.1626,3725520,True
2025-02-03,SOXX,180.5121,5298476,True
2025-02-04,SOXX,181.664,5198066,True
2025-02-05,SOXX,178.8706,4361773,True
2025-02-06,SOXX,177.7431,2011396,True
2025-02-07,SOXX,175.7963,2985507,True
2025-02-10,SOXX,180.3635,2594350,True
2025-02-11,SOXX,177.8025,2625879,True
2025-02-12,SOXX,178.7243,2530832,True
2025-02-13,SOXX,179.0115,2137968,True
2025-02-14,SOXX,177.2253,4015688,True
2025-02-17,SOXX,176.8842,3366141,True
2025-02-18,SOXX,180.1373,3410185,True
2025-02-19,SOXX,179.489,3103143,True
2025-02-20,SOXX,176.3735,5164300,True
2025-02-21,SOXX,174.9328,3160399,True
2025-02-24,SOXX,172.7942,2628452,True
2025-02-25,SOXX,174.3673,3129533,True
2025-02-26,SOXX,175.541,2996083,True
2025-02-27,SOXX,174.6705,3386562,True
2025-02-28,SOXX,173.1561,3518129,True
2025-03-03,SOXX,171.7361,2909956,True
2025-03-04,SOXX,174.8862,4513110,True
2025-03-05,SOXX,169.8751,2620448,True
2025-03-06,SOXX,170.6311,5636576,True
2025-03-07,SOXX,169.7608,5532782,True
2025-03-10,SOXX,171.6022,3973977,True
2025-03-11,SOXX,170.3502,4921766,True
2025-03-12,SOXX,170.5245,2856187,True
2025-03-13,SOXX,168.6134,3165439,True
2025-03-14,SOXX,166.8009,5633631,True
2025-03-17,SOXX,168.4562,3894914,True
2025-03-18,SOXX,170.329,4962744,True
2025-03-19,SOXX,170.2974,5249021,True
2025-03-20,SOXX,169.243,4806961,True
2025-03-21,SOXX,166.2135,3811608,True
2025-03-24,SOXX,166.2619,3517839,True
2025-03-25,SOXX,166.2943,2240222,True
2025-03-26,SOXX,165.3552,5458506,True
2025-03-27,SOXX,165.493,4771107,True
2025-03-28,SOXX,164.176,2251183,True
2025-03-31,SOXX,164.6799,5335794,True
2025-04-01,SOXX,164.1337,3139098,True
2025-04-02,SOXX,165.7512,5404090,True
2025-04-03,SOXX,169.0277,2598466,True
2025-04-04,SOXX,168.6116,2088491,True
2025-04-07,SOXX,167.4534,5434570,True
2025-04-08,SOXX,168.0823,5557287,True
2025-04-09,SOXX,167.4869,3972804,True
2025-04-10,SOXX,167.636,5652801,True
2025-04-11,SOXX,167.8435,2357744,True
2025-04-14,SOXX,167.4408,2600333,True
2025-04-15,SOXX,169.2275,5883898,True
2025-04-16,SOXX,170.8972,5758196,True
2025-04-17,SOXX,171.4252,4778920,True
2025-04-18,SOXX,171.1844,3339586,True
2025-04-21,SOXX,171.0138,4855776,True
2025-04-22,SOXX,169.2555,2001238,True
2025-04-23,SOXX,168.6798,3418053,True
2025-04-24,SOXX,168.0882,5408528,True
2025-04-25,SOXX,168.8303,2914309,True
2025-04-28,SOXX,168.0002,2514864,True
2025-04-29,SOXX,166.1368,3964908,True
2025-04-30,SOXX,166.1553,4695019,True
2025-05-01,SOXX,164.1601,3243290,True
2025-05-02,SOXX,163.4388,5271547,True
2025-05-05,SOXX,162.9793,5628202,True
2025-05-06,SOXX,160.6155,2866954,True
2025-05-07,SOXX,161.1851,3539607,True
2025-05-08,SOXX,161.4148,5340898,True
2025-05-09,SOXX,161.3434,4010278,True
2025-05-12,SOXX,161.4853,4987262,True
2025-05-13,SOXX,161.5424,3252774,True
2025-05-14,SOXX,160.9899,5271725,True
2025-05-15,SOXX,160.6156,5339566,True
2025-05-16,SOXX,159.9903,5100403,True
2025-05-19,SOXX,161.5413,5516199,True
2025-05-20,SOXX,159.8146,3564969,True
2025-05-21,SOXX,161.3718,4065458,True
2025-05-22,SOXX,162.2618,5227800,True
2025-05-23,SOXX,161.8974,4891092,True
2025-05-26,SOXX,160.4609,4146541,True
2025-05-27,SOXX,161.8379,2141342,True
2025-05-28,SOXX,158.994,2869198,True
2025-05-29,SOXX,159.3665,3815231,True
2025-05-30,SOXX,158.7662,5011380,True
2025-06-02,SOXX,160.0739,5618467,True
2025-06-03,SOXX,160.8507,5946241,True
2025-06-04,SOXX,160.0065,3538877,True
2025-06-05,SOXX,159.9955,5864472,True
2025-06-06,SOXX,161.249,3527180,True
2025-06-09,SOXX,162.1005,2726850,True
2025-06-10,SOXX,162.8847,5714807,True
2025-06-11,SOXX,160.5265,2422999,True
2025-06-12,SOXX,159.8297,3905998,True
2025-06-13,SOXX,162.2141,5100983,True
2025-06-16,SOXX,164.1815,4506751,True
2025-06-17,SOXX,164.6959,5403197,True
2025-06-18,SOXX,163.4517,4122902,True
2025-06-19,SOXX,164.1379,3780844,True
2025-06-20,SOXX,162.17,3351689,True
2025-06-23,SOXX,159.4055,4494018,True
2025-06-24,SOXX,160.3709,4258261,True
2025-06-25,SOXX,157.2269,4034576,True
2025-06-26,SOXX,155.1896,4719015,True
2025-06-27,SOXX,154.7693,4024524,True
2025-06-30,SOXX,156.0178,4775052,True
2025-07-01,SOXX,155.9441,3999841,True
2025-07-02,SOXX,157.7955,5101764,True
2025-07-03,SOXX,161.4454,2813644,True
2025-07-04,SOXX,164.0114,3440464,True
2025-07-07,SOXX,164.1976,3221980,True
2025-07-08,SOXX,163.3427,5514902,True
2025-07-09,SOXX,161.6266,4323668,True
2025-07-10,SOXX,160.4905,5765119,True
2025-07-11,SOXX,160.635,4230398,True
2025-07-14,SOXX,160.512,5743846,True
2025-07-15,SOXX,162.0501,4956889,True
2025-07-16,SOXX,163.7723,5576147,True
2025-07-17,SOXX,162.0566,3194216,True
2025-07-18,SOXX,161.8339,5981925,True
2025-07-21,SOXX,164.0571,3200903,True
2025-07-22,SOXX,166.1677,4995391,True
2025-07-23,SOXX,167.5871,4479967,True
2025-07-24,SOXX,168.487,3420799,True
2025-07-25,SOXX,168.7299,2415594,True
2025-07-28,SOXX,169.2153,2180830,True
2025-07-29,SOXX,166.9768,2042802,True
2025-07-30,SOXX,163.9096,4204741,True
2025-07-31,SOXX,164.9546,4244530,True
2025-08-01,SOXX,164.4994,2434464,True
2025-08-04,SOXX,164.2681,2153171,True
2025-08-05,SOXX,161.6354,2077769,True
2025-08-06,SOXX,161.809,4318258,True
2025-08-07,SOXX,161.4638,5016288,True
2025-08-08,SOXX,160.1368,5593839,True
2025-08-11,SOXX,158.0823,3875676,True
2025-08-12,SOXX,157.2209,4969816,True
2025-08-13,SOXX,158.6423,2950962,True
2025-08-14,SOXX,158.4834,2195729,True
2025-08-15,SOXX,158.2029,4303374,True
2025-08-18,SOXX,158.2315,3302375,True
2025-08-19,SOXX,158.4357,3604965,True
2025-08-20,SOXX,153.9752,2458619,True
2025-08-21,SOXX,155.0212,4765864,True
2025-08-22,SOXX,156.3937,5532830,True
2025-08-25,SOXX,157.6024,4970347,True
2025-08-26,SOXX,160.8369,2544179,True
2025-08-27,SOXX,161.6743,3087262,True
2025-08-28,SOXX,161.7516,2784890,True
2025-08-29,SOXX,161.4925,5962591,True
2025-09-01,SOXX,162.295,3556582,True
2025-09-02,SOXX,161.3548,2588385,True
2025-09-03,SOXX,161.7629,5255187,True
2025-09-04,SOXX,163.9393,2849944,True
2025-09-05,SOXX,167.7848,2314540,True
2025-09-08,SOXX,169.4635,3486201,True
2025-09-09,SOXX,169.1897,2147322,True
2025-09-10,SOXX,169.6298,3833890,True
2025-09-11,SOXX,172.2811,3742992,True
2025-09-12,SOXX,171.803,3249475,True
2025-09-15,SOXX,174.1449,4225828,True
2025-09-16,SOXX,172.9788,5152459,True
2025-09-17,SOXX,172.2071,3365171,True
2025-09-18,SOXX,172.3425,3086436,True
2025-09-19,SOXX,174.6126,4547434,True
2025-09-22,SOXX,175.7051,3681004,True
2025-09-23,SOXX,171.7878,3037160,True
2025-09-24,SOXX,170.4987,5782863,True
2025-09-25,SOXX,170.4703,2838495,True
2025-09-26,SOXX,169.6614,3596484,True
2025-09-29,SOXX,167.0701,3166986,True
2025-09-30,SOXX,169.0529,5235792,True
2025-10-01,SOXX,170.7413,4656954,True
2025-10-02,SOXX,172.2298,5637032,True
2025-10-03,SOXX,171.3465,3081624,True
2025-10-06,SOXX,172.3519,5299668,True
2025-10-07,SOXX,170.4043,4671710,True
2025-10-08,SOXX,170.8296,2450314,True
2025-10-09,SOXX,168.9578,3002246,True
2025-10-10,SOXX,167.7897,5356546,True
2025-10-13,SOXX,167.788,3739971,True
2025-10-14,SOXX,166.4054,2646057,True
2025-10-15,SOXX,166.5316,2520370,True
2025-10-16,SOXX,165.9691,3166593,True
2025-10-17,SOXX,163.5193,4589491,True
2025-10-20,SOXX,164.1488,2538781,True
2025-10-21,SOXX,162.4329,2625352,True
2025-10-22,SOXX,164.3944,5417266,True
2025-10-23,SOXX,162.9351,3054188,True
2025-10-24,SOXX,162.7093,4725553,True
2025-10-27,SOXX,164.8409,5332668,True
2025-10-28,SOXX,168.9727,4991288,True
2025-10-29,SOXX,173.1122,4509593,True
2025-10-30,SOXX,172.7776,3799097,True
2025-10-31,SOXX,172.5666,4817466,True
2025-11-03,SOXX,174.8774,3462945,True
2025-11-04,SOXX,174.2305,5053939,True
2025-11-05,SOXX,173.1753,4792283,True
2025-11-06,SOXX,173.3778,2455692,True
2025-11-07,SOXX,174.2106,2027953,True
2025-11-10,SOXX,173.2229,4655466,True
2025-11-11,SOXX,170.312,3906513,True
2025-11-12,SOXX,168.8313,4430628,True
2025-11-13,SOXX,168.7391,4660651,True
2025-11-14,SOXX,167.7682,3874329,True
2025-11-17,SOXX,167.9549,2527238,True
2025-11-18,SOXX,167.8567,4320463,True
2025-11-19,SOXX,168.4534,3158644,True
2025-11-20,SOXX,168.6012,4002751,True
2025-11-21,SOXX,169.2582,2114110,True
2025-11-24,SOXX,166.6364,5838500,True
2025-11-25,SOXX,165.2512,2730157,True
2025-11-26,SOXX,164.3873,5971131,True
2025-11-27,SOXX,165.6451,5171751,True
2025-11-28,SOXX,166.5392,3542312,True
2025-12-01,SOXX,166.3537,4262137,True
2025-12-02,SOXX,165.7382,2875303,True
2025-12-03,SOXX,165.8188,2051600,True
2025-12-04,SOXX,166.4417,3975322,True
2025-12-05,SOXX,163.7563,2280396,True
2025-12-08,SOXX,161.7759,2710526,True
2025-12-09,SOXX,161.6437,2261178,True
2025-12-10,SOXX,164.7831,4210521,True
2025-12-11,SOXX,166.2589,4668164,True
2025-12-12,SOXX,166.1842,5844131,True
2025-12-15,SOXX,167.7182,2974781,True
2025-12-16,SOXX,169.6411,5351449,True
2025-12-17,SOXX,168.1336,4352264,True
2025-12-18,SOXX,167.0329,2053190,True
2025-12-19,SOXX,168.8728,3460879,True
2025-12-22,SOXX,169.8237,5919136,True
2025-12-23,SOXX,171.1016,4925956,True
2025-12-24,SOXX,171.7198,4677994,True
2025-12-25,SOXX,175.3939,4800236,True
2025-12-26,SOXX,178.7356,5830473,True
2025-12-29,SOXX,179.4135,4153579,True
2025-12-30,SOXX,181.2091,2544421,True
2025-12-31,SOXX,178.3267,2202195,True
2026-01-01,SOXX,179.9507,4272215,True
2026-01-02,SOXX,179.6068,2709431,True
2026-01-05,SOXX,180.8592,5741477,True
2026-01-06,SOXX,183.2037,5905991,True
2026-01-07,SOXX,182.1029,4258246,True
2026-01-08,SOXX,177.7494,4444057,True
2026-01-09,SOXX,179.0158,2520106,True
2026-01-12,SOXX,178.3497,5244919,True
2026-01-13,SOXX,177.695,3702658,True
2026-01-14,SOXX,176.435,5017125,True
2026-01-15,SOXX,177.8681,3713644,True
2026-01-16,SOXX,173.7693,5208844,True
2026-01-19,SOXX,174.9921,2486298,True
2026-01-20,SOXX,175.1415,5897008,True
2026-01-21,SOXX,177.4068,4738860,True
2026-01-22,SOXX,180.3824,3379802,True
2026-01-23,SOXX,180.2058,3644498,True
2026-01-26,SOXX,177.4399,2859652,True
2026-01-27,SOXX,175.7092,4038969,True
2026-01-28,SOXX,173.8652,5579647,True
2026-01-29,SOXX,173.0739,3907284,True
2026-01-30,SOXX,172.5345,3329108,True
2026-02-02,SOXX,169.4078,3850417,True
2026-02-03,SOXX,169.2333,3665798,True
2026-02-04,SOXX,167.5118,3694882,True
2026-02-05,SOXX,167.4194,4067215,True
2026-02-06,SOXX,167.1453,4876881,True
2026-02-09,SOXX,165.5081,4868389,True
2026-02-10,SOXX,165.1569,2112448,True
2026-02-11,SOXX,163.5587,5761443,True
2026-02-12,SOXX,163.6372,3411787,True
2026-02-13,SOXX,161.0326,3760411,True
2026-02-16,SOXX,161.3759,4065260,True
2026-02-17,SOXX,163.1332,5630395,True
2026-02-18,SOXX,165.4545,2164447,True
2026-02-19,SOXX,167.477,5374742,True
2026-02-20,SOXX,167.7476,4710397,True
2026-02-23,SOXX,167.4912,4143453,True
2026-02-24,SOXX,169.5747,3612774,True
2026-02-25,SOXX,169.641,4143984,True
2026-02-26,SOXX,169.7898,4802902,True
2026-02-27,SOXX,169.2773,3805162,True
2026-03-02,SOXX,170.0004,5704475,True
2026-03-03,SOXX,168.9058,4272844,True
2026-03-04,SOXX,169.0713,3833142,True
2026-03-05,SOXX,168.197,5632466,True
2026-03-06,SOXX,167.799,2110751,True
2026-03-09,SOXX,171.5938,5605638,True
2026-03-10,SOXX,171.3096,3948705,True
2026-03-11,SOXX,171.0169,2555603,True
2026-03-12,SOXX,172.3936,4780474,True
2026-03-13,SOXX,173.4374,3007809,True
2026-03-16,SOXX,170.5372,3916673,True
2026-03-17,SOXX,170.3674,4150424,True
2026-03-18,SOXX,171.8044,5879057,True
2026-03-19,SOXX,172.6167,4726565,True
2026-03-20,SOXX,172.8969,3812299,True
2026-03-23,SOXX,176.604,4602642,True
2026-03-24,SOXX,174.699,4619822,True
2026-03-25,SOXX,174.2211,2596678,True
2026-03-26,SOXX,173.868,3531929,True
2026-03-27,SOXX,175.6737,2703032,True
2026-03-30,SOXX,172.7381,2472496,True
2026-03-31,SOXX,171.6893,3332769,True
2026-04-01,SOXX,169.5665,2152947,True
2026-04-02,SOXX,171.1347,2745479,True
2026-04-03,SOXX,173.1028,2739199,True
2026-04-06,SOXX,175.5967,4170937,True
2026-04-07,SOXX,172.1044,3706620,True
2026-04-08,SOXX,173.9207,2437992,True
2026-04-09,SOXX,172.7818,5979142,True
2026-04-10,SOXX,171.6682,5007062,True
2026-04-13,SOXX,172.8785,4740874,True
2026-04-14,SOXX,170.9079,4583120,True
2026-04-15,SOXX,166.5234,4917484,True
2026-04-16,SOXX,165.8983,2784189,True
2026-04-17,SOXX,163.5872,4918786,True
2026-04-20,SOXX,162.0898,3473036,True
2026-04-21,SOXX,162.2093,2811968,True
2026-04-22,SOXX,163.21,3171933,True
2026-04-23,SOXX,165.6653,5315591,True
2026-04-24,SOXX,165.0963,3650184,True
2026-04-27,SOXX,162.3879,5508646,True
2026-04-28,SOXX,161.3853,5981398,True
2026-04-29,SOXX,160.0939,5762285,True
2026-04-30,SOXX,158.2003,3925828,True
2026-05-01,SOXX,158.0342,4264767,True
2026-05-04,SOXX,156.8897,4418636,True
2026-05-05,SOXX,153.6504,2367511,True
2026-05-06,SOXX,154.7496,5034664,True
2026-05-07,SOXX,155.3312,5217004,True
2026-05-08,SOXX,156.4804,2808563,True
2026-05-11,SOXX,157.0747,3363739,True
2026-05-12,SOXX,158.1281,4542354,True
2026-05-13,SOXX,158.029,5824021,True
2026-05-14,SOXX,160.1403,3440252,True
2026-05-15,SOXX,160.5306,5520182,True
2026-05-18,SOXX,160.9565,2279889,True
2026-05-19,SOXX,161.0957,4199759,True
2026-05-20,SOXX,158.9035,3203231,True
2026-05-21,SOXX,158.652,5454533,True
2026-05-22,SOXX,159.4489,2754632,True
2026-05-25,SOXX,160.1507,2383483,True
2026-05-26,SOXX,157.9182,3528948,True
2026-05-27,SOXX,160.9049,5032084,True
2026-05-28,SOXX,160.8112,4944074,True
2026-05-29,SOXX,159.6516,3374882,True
2026-06-01,SOXX,157.6137,4917362,True
2026-06-02,SOXX,159.0203,2600587,True
2026-06-03,SOXX,158.26,3801447,True
2026-06-04,SOXX,157.1872,5507753,True
2026-06-05,SOXX,157.2967,2656980,True
2026-06-08,SOXX,156.5696,2973840,True
2026-06-09,SOXX,157.867,3445158,True
2026-06-10,SOXX,156.2392,2857879,True
2026-06-11,SOXX,155.7853,4129478,True
2026-06-12,SOXX,157.4606,3685922,True
2026-06-15,SOXX,161.986,4385308,True
2026-06-16,SOXX,159.7971,2082451,True
2026-06-17,SOXX,158.1854,5260358,True
2026-06-18,SOXX,157.676,3590201,True
2026-06-19,SOXX,159.4125,2275351,True
2026-06-22,SOXX,158.4011,4483403,True
2026-06-23,SOXX,157.1278,2704024,True
2026-06-24,SOXX,151.1705,8592030,True
2026-06-25,SOXX,144.379,15084962,True
2026-06-26,SOXX,138.0349,6873204,True
2026-06-29,SOXX,132.2842,17371309,True
2026-06-30,SOXX,124.8751,8957050,True
2024-11-20,^GSPC,4049.6202,0,True
2024-11-21,^GSPC,4115.5308,0,True
2024-11-22,^GSPC,4126.3245,0,True
2024-11-25,^GSPC,4123.2729,0,True
2024-11-26,^GSPC,4153.3599,0,True
2024-11-27,^GSPC,4128.5546,0,True
2024-11-28,^GSPC,4125.2674,0,True
2024-11-29,^GSPC,4092.8925,0,True
2024-12-02,^GSPC,4106.0058,0,True
2024-12-03,^GSPC,4113.5656,0,True
2024-12-04,^GSPC,4105.7038,0,True
2024-12-05,^GSPC,4091.9744,0,True
2024-12-06,^GSPC,4057.8948,0,True
2024-12-09,^GSPC,4040.2215,0,True
2024-12-10,^GSPC,4070.7163,0,True
2024-12-11,^GSPC,4064.1031,0,True
2024-12-12,^GSPC,4095.475,0,True
2024-12-13,^GSPC,4076.6946,0,True
2024-12-16,^GSPC,4076.4608,0,True
2024-12-17,^GSPC,4067.3248,0,True
2024-12-18,^GSPC,4062.8812,0,True
2024-12-19,^GSPC,4082.6785,0,True
2024-12-20,^GSPC,4036.1968,0,True
2024-12-23,^GSPC,4055.178,0,True
2024-12-24,^GSPC,4073.164,0,True
2024-12-25,^GSPC,4074.9047,0,True
2024-12-26,^GSPC,4078.3872,0,True
2024-12-27,^GSPC,4074.8702,0,True
2024-12-30,^GSPC,4092.8885,0,True
2024-12-31,^GSPC,4095.9524,0,True
2025-01-01,^GSPC,4077.6391,0,True
2025-01-02,^GSPC,4082.9057,0,True
2025-01-03,^GSPC,4107.1617,0,True
2025-01-06,^GSPC,4117.6573,0,True
2025-01-07,^GSPC,4120.0648,0,True
2025-01-08,^GSPC,4126.648,0,True
2025-01-09,^GSPC,4116.5685,0,True
2025-01-10,^GSPC,4107.341,0,True
2025-01-13,^GSPC,4064.6174,0,True
2025-01-14,^GSPC,4061.9992,0,True
2025-01-15,^GSPC,4086.8358,0,True
2025-01-16,^GSPC,4079.3555,0,True
2025-01-17,^GSPC,4059.7849,0,True
2025-01-20,^GSPC,4082.5256,0,True
2025-01-21,^GSPC,4088.084,0,True
2025-01-22,^GSPC,4093.1237,0,True
2025-01-23,^GSPC,4105.9609,0,True
2025-01-24,^GSPC,4124.2324,0,True
2025-01-27,^GSPC,4124.9274,0,True
2025-01-28,^GSPC,4106.915,0,True
2025-01-29,^GSPC,4149.9958,0,True
2025-01-30,^GSPC,4153.0725,0,True
2025-01-31,^GSPC,4136.3711,0,True
2025-02-03,^GSPC,4142.5006,0,True
2025-02-04,^GSPC,4172.744,0,True
2025-02-05,^GSPC,4140.6222,0,True
2025-02-06,^GSPC,4173.6676,0,True
2025-02-07,^GSPC,4172.152,0,True
2025-02-10,^GSPC,4222.0427,0,True
2025-02-11,^GSPC,4240.0256,0,True
2025-02-12,^GSPC,4239.228,0,True
2025-02-13,^GSPC,4271.6718,0,True
2025-02-14,^GSPC,4304.8204,0,True
2025-02-17,^GSPC,4297.9682,0,True
2025-02-18,^GSPC,4305.5399,0,True
2025-02-19,^GSPC,4294.6189,0,True
2025-02-20,^GSPC,4319.1264,0,True
2025-02-21,^GSPC,4286.217,0,True
2025-02-24,^GSPC,4283.6857,0,True
2025-02-25,^GSPC,4233.4372,0,True
2025-02-26,^GSPC,4249.5775,0,True
2025-02-27,^GSPC,4197.4039,0,True
2025-02-28,^GSPC,4173.7861,0,True
2025-03-03,^GSPC,4181.8883,0,True
2025-03-04,^GSPC,4175.2141,0,True
2025-03-05,^GSPC,4166.3644,0,True
2025-03-06,^GSPC,4145.1063,0,True
2025-03-07,^GSPC,4135.7655,0,True
2025-03-10,^GSPC,4096.1699,0,True
2025-03-11,^GSPC,4105.4802,0,True
2025-03-12,^GSPC,4126.208,0,True
2025-03-13,^GSPC,4146.0235,0,True
2025-03-14,^GSPC,4146.904,0,True
2025-03-17,^GSPC,4177.8028,0,True
2025-03-18,^GSPC,4190.6675,0,True
2025-03-19,^GSPC,4215.4919,0,True
2025-03-20,^GSPC,4226.7793,0,True
2025-03-21,^GSPC,4229.3858,0,True
2025-03-24,^GSPC,4212.8348,0,True
2025-03-25,^GSPC,4151.6301,0,True
2025-03-26,^GSPC,4168.7324,0,True
2025-03-27,^GSPC,4167.7662,0,True
2025-03-28,^GSPC,4217.1964,0,True
2025-03-31,^GSPC,4171.4265,0,True
2025-04-01,^GSPC,4193.3369,0,True
2025-04-02,^GSPC,4172.4236,0,True
2025-04-03,^GSPC,4174.1197,0,True
2025-04-04,^GSPC,4154.8191,0,True
2025-04-07,^GSPC,4164.8958,0,True
2025-04-08,^GSPC,4165.955,0,True
2025-04-09,^GSPC,4188.6812,0,True
2025-04-10,^GSPC,4193.9853,0,True
2025-04-11,^GSPC,4207.2671,0,True
2025-04-14,^GSPC,4239.8818,0,True
2025-04-15,^GSPC,4254.283,0,True
2025-04-16,^GSPC,4252.8607,0,True
2025-04-17,^GSPC,4284.9292,0,True
2025-04-18,^GSPC,4284.0133,0,True
2025-04-21,^GSPC,4295.8708,0,True
2025-04-22,^GSPC,4289.8537,0,True
2025-04-23,^GSPC,4275.4933,0,True
2025-04-24,^GSPC,4204.6303,0,True
2025-04-25,^GSPC,4223.1919,0,True
2025-04-28,^GSPC,4197.2927,0,True
2025-04-29,^GSPC,4216.7815,0,True
2025-04-30,^GSPC,4262.3163,0,True
2025-05-01,^GSPC,4232.2109,0,True
2025-05-02,^GSPC,4255.3466,0,True
2025-05-05,^GSPC,4254.8632,0,True
2025-05-06,^GSPC,4267.7949,0,True
2025-05-07,^GSPC,4240.6349,0,True
2025-05-08,^GSPC,4243.2384,0,True
2025-05-09,^GSPC,4248.9086,0,True
2025-05-12,^GSPC,4285.6447,0,True
2025-05-13,^GSPC,4340.3478,0,True
2025-05-14,^GSPC,4350.0953,0,True
2025-05-15,^GSPC,4342.9958,0,True
2025-05-16,^GSPC,4400.3229,0,True
2025-05-19,^GSPC,4399.6511,0,True
2025-05-20,^GSPC,4400.2391,0,True
2025-05-21,^GSPC,4404.7993,0,True
2025-05-22,^GSPC,4418.541,0,True
2025-05-23,^GSPC,4438.5212,0,True
2025-05-26,^GSPC,4426.0167,0,True
2025-05-27,^GSPC,4425.282,0,True
2025-05-28,^GSPC,4475.0958,0,True
2025-05-29,^GSPC,4518.3157,0,True
2025-05-30,^GSPC,4531.9408,0,True
2025-06-02,^GSPC,4541.1635,0,True
2025-06-03,^GSPC,4537.345,0,True
2025-06-04,^GSPC,4566.1447,0,True
2025-06-05,^GSPC,4554.9048,0,True
2025-06-06,^GSPC,4560.314,0,True
2025-06-09,^GSPC,4550.639,0,True
2025-06-10,^GSPC,4536.6581,0,True
2025-06-11,^GSPC,4539.86,0,True
2025-06-12,^GSPC,4542.1899,0,True
2025-06-13,^GSPC,4529.4084,0,True
2025-06-16,^GSPC,4529.9455,0,True
2025-06-17,^GSPC,4533.9159,0,True
2025-06-18,^GSPC,4524.0118,0,True
2025-06-19,^GSPC,4509.3567,0,True
2025-06-20,^GSPC,4508.0338,0,True
2025-06-23,^GSPC,4528.3314,0,True
2025-06-24,^GSPC,4559.2605,0,True
2025-06-25,^GSPC,4566.3493,0,True
2025-06-26,^GSPC,4561.5757,0,True
2025-06-27,^GSPC,4563.0466,0,True
2025-06-30,^GSPC,4615.3389,0,True
2025-07-01,^GSPC,4641.7792,0,True
2025-07-02,^GSPC,4618.9528,0,True
2025-07-03,^GSPC,4619.8727,0,True
2025-07-04,^GSPC,4608.2244,0,True
2025-07-07,^GSPC,4600.9417,0,True
2025-07-08,^GSPC,4559.2319,0,True
2025-07-09,^GSPC,4562.2272,0,True
2025-07-10,^GSPC,4529.2976,0,True
2025-07-11,^GSPC,4516.3749,0,True
2025-07-14,^GSPC,4557.9078,0,True
2025-07-15,^GSPC,4586.2496,0,True
2025-07-16,^GSPC,4565.8607,0,True
2025-07-17,^GSPC,4541.2904,0,True
2025-07-18,^GSPC,4520.0008,0,True
2025-07-21,^GSPC,4473.8895,0,True
2025-07-22,^GSPC,4451.156,0,True
2025-07-23,^GSPC,4446.5392,0,True
2025-07-24,^GSPC,4422.2763,0,True
2025-07-25,^GSPC,4443.6324,0,True
2025-07-28,^GSPC,4444.5701,0,True
2025-07-29,^GSPC,4433.3426,0,True
2025-07-30,^GSPC,4480.1019,0,True
2025-07-31,^GSPC,4500.5322,0,True
2025-08-01,^GSPC,4504.6137,0,True
2025-08-04,^GSPC,4554.7109,0,True
2025-08-05,^GSPC,4591.34,0,True
2025-08-06,^GSPC,4575.2099,0,True
2025-08-07,^GSPC,4585.9995,0,True
2025-08-08,^GSPC,4576.871,0,True
2025-08-11,^GSPC,4541.7799,0,True
2025-08-12,^GSPC,4593.6401,0,True
2025-08-13,^GSPC,4635.5521,0,True
2025-08-14,^GSPC,4604.3578,0,True
2025-08-15,^GSPC,4619.6781,0,True
2025-08-18,^GSPC,4578.8609,0,True
2025-08-19,^GSPC,4609.4138,0,True
2025-08-20,^GSPC,4610.3677,0,True
2025-08-21,^GSPC,4605.0496,0,True
2025-08-22,^GSPC,4640.6778,0,True
2025-08-25,^GSPC,4643.3076,0,True
2025-08-26,^GSPC,4638.7971,0,True
2025-08-27,^GSPC,4665.4929,0,True
2025-08-28,^GSPC,4659.7829,0,True
2025-08-29,^GSPC,4685.5319,0,True
2025-09-01,^GSPC,4687.9869,0,True
2025-09-02,^GSPC,4712.644,0,True
2025-09-03,^GSPC,4732.0414,0,True
2025-09-04,^GSPC,4755.9697,0,True
2025-09-05,^GSPC,4731.0225,0,True
2025-09-08,^GSPC,4784.8157,0,True
2025-09-09,^GSPC,4782.8376,0,True
2025-09-10,^GSPC,4833.9074,0,True
2025-09-11,^GSPC,4819.8633,0,True
2025-09-12,^GSPC,4814.7826,0,True
2025-09-15,^GSPC,4809.9981,0,True
2025-09-16,^GSPC,4844.5522,0,True
2025-09-17,^GSPC,4835.1768,0,True
2025-09-18,^GSPC,4849.2571,0,True
2025-09-19,^GSPC,4808.2452,0,True
2025-09-22,^GSPC,4797.4825,0,True
2025-09-23,^GSPC,4806.1445,0,True
2025-09-24,^GSPC,4805.6325,0,True
2025-09-25,^GSPC,4756.5541,0,True
2025-09-26,^GSPC,4772.7356,0,True
2025-09-29,^GSPC,4748.7223,0,True
2025-09-30,^GSPC,4804.5127,0,True
2025-10-01,^GSPC,4801.7109,0,True
2025-10-02,^GSPC,4867.1254,0,True
2025-10-03,^GSPC,4888.312,0,True
2025-10-06,^GSPC,4903.8337,0,True
2025-10-07,^GSPC,4892.8095,0,True
2025-10-08,^GSPC,4892.0365,0,True
2025-10-09,^GSPC,4907.3654,0,True
2025-10-10,^GSPC,4855.0486,0,True
2025-10-13,^GSPC,4885.5314,0,True
2025-10-14,^GSPC,4855.1369,0,True
2025-10-15,^GSPC,4850.4045,0,True
2025-10-16,^GSPC,4776.8953,0,True
2025-10-17,^GSPC,4791.9202,0,True
2025-10-20,^GSPC,4815.107,0,True
2025-10-21,^GSPC,4825.4802,0,True
2025-10-22,^GSPC,4836.9647,0,True
2025-10-23,^GSPC,4829.0642,0,True
2025-10-24,^GSPC,4835.797,0,True
2025-10-27,^GSPC,4872.2124,0,True
2025-10-28,^GSPC,4862.7259,0,True
2025-10-29,^GSPC,4879.3749,0,True
2025-10-30,^GSPC,4902.4598,0,True
2025-10-31,^GSPC,4898.3136,0,True
2025-11-03,^GSPC,4907.5726,0,True
2025-11-04,^GSPC,4916.3016,0,True
2025-11-05,^GSPC,4904.738,0,True
2025-11-06,^GSPC,4976.8644,0,True
2025-11-07,^GSPC,4966.9325,0,True
2025-11-10,^GSPC,5018.9814,0,True
2025-11-11,^GSPC,5052.7567,0,True
2025-11-12,^GSPC,4996.0878,0,True
2025-11-13,^GSPC,5005.9237,0,True
2025-11-14,^GSPC,5038.5127,0,True
2025-11-17,^GSPC,5064.9736,0,True
2025-11-18,^GSPC,5041.0664,0,True
2025-11-19,^GSPC,5051.2146,0,True
2025-11-20,^GSPC,5018.7597,0,True
2025-11-21,^GSPC,4991.1227,0,True
2025-11-24,^GSPC,4986.7207,0,True
2025-11-25,^GSPC,4994.7091,0,True
2025-11-26,^GSPC,5044.0349,0,True
2025-11-27,^GSPC,5057.0859,0,True
2025-11-28,^GSPC,5090.8783,0,True
2025-12-01,^GSPC,5058.0707,0,True
2025-12-02,^GSPC,5026.7478,0,True
2025-12-03,^GSPC,5015.112,0,True
2025-12-04,^GSPC,5068.9933,0,True
2025-12-05,^GSPC,5032.242,0,True
2025-12-08,^GSPC,4988.6663,0,True
2025-12-09,^GSPC,4988.9664,0,True
2025-12-10,^GSPC,5026.1122,0,True
2025-12-11,^GSPC,4981.1718,0,True
2025-12-12,^GSPC,4976.3269,0,True
2025-12-15,^GSPC,4939.6425,0,True
2025-12-16,^GSPC,4983.9309,0,True
2025-12-17,^GSPC,5006.5258,0,True
2025-12-18,^GSPC,5016.9963,0,True
2025-12-19,^GSPC,5018.0796,0,True
2025-12-22,^GSPC,5013.6724,0,True
2025-12-23,^GSPC,5020.1686,0,True
2025-12-24,^GSPC,5003.7158,0,True
2025-12-25,^GSPC,4980.48,0,True
2025-12-26,^GSPC,4950.7539,0,True
2025-12-29,^GSPC,4953.5159,0,True
2025-12-30,^GSPC,4932.9961,0,True
2025-12-31,^GSPC,4960.5954,0,True
2026-01-01,^GSPC,4902.5624,0,True
2026-01-02,^GSPC,4921.1921,0,True
2026-01-05,^GSPC,4938.908,0,True
2026-01-06,^GSPC,4976.4501,0,True
2026-01-07,^GSPC,4971.5279,0,True
2026-01-08,^GSPC,4930.5556,0,True
2026-01-09,^GSPC,4906.4108,0,True
2026-01-12,^GSPC,4941.2718,0,True
2026-01-13,^GSPC,4934.8372,0,True
2026-01-14,^GSPC,4925.316,0,True
2026-01-15,^GSPC,4910.8705,0,True
2026-01-16,^GSPC,4911.3385,0,True
2026-01-19,^GSPC,4907.1312,0,True
2026-01-20,^GSPC,4865.0283,0,True
2026-01-21,^GSPC,4850.3773,0,True
2026-01-22,^GSPC,4881.2591,0,True
2026-01-23,^GSPC,4924.9965,0,True
2026-01-26,^GSPC,4923.791,0,True
2026-01-27,^GSPC,4911.263,0,True
2026-01-28,^GSPC,4952.6134,0,True
2026-01-29,^GSPC,4949.8026,0,True
2026-01-30,^GSPC,4918.1942,0,True
2026-02-02,^GSPC,4916.8597,0,True
2026-02-03,^GSPC,4939.1416,0,True
2026-02-04,^GSPC,4986.5957,0,True
2026-02-05,^GSPC,4974.7466,0,True
2026-02-06,^GSPC,4992.7485,0,True
2026-02-09,^GSPC,4985.4358,0,True
2026-02-10,^GSPC,5021.0628,0,True
2026-02-11,^GSPC,5030.9553,0,True
2026-02-12,^GSPC,5040.9814,0,True
2026-02-13,^GSPC,5014.4308,0,True
2026-02-16,^GSPC,5007.3877,0,True
2026-02-17,^GSPC,5000.2198,0,True
2026-02-18,^GSPC,4898.4535,0,True
2026-02-19,^GSPC,4925.2569,0,True
2026-02-20,^GSPC,4927.2183,0,True
2026-02-23,^GSPC,4923.4843,0,True
2026-02-24,^GSPC,4915.3584,0,True
2026-02-25,^GSPC,4918.3356,0,True
2026-02-26,^GSPC,4927.5075,0,True
2026-02-27,^GSPC,4892.2799,0,True
2026-03-02,^GSPC,4898.0656,0,True
2026-03-03,^GSPC,4903.5345,0,True
2026-03-04,^GSPC,4906.5488,0,True
2026-03-05,^GSPC,4866.3713,0,True
2026-03-06,^GSPC,4864.601,0,True
2026-03-09,^GSPC,4830.4829,0,True
2026-03-10,^GSPC,4842.5114,0,True
2026-03-11,^GSPC,4882.055,0,True
2026-03-12,^GSPC,4909.1429,0,True
2026-03-13,^GSPC,4901.6252,0,True
2026-03-16,^GSPC,4888.3658,0,True
2026-03-17,^GSPC,4874.4318,0,True
2026-03-18,^GSPC,4886.5667,0,True
2026-03-19,^GSPC,4869.8056,0,True
2026-03-20,^GSPC,4856.79,0,True
2026-03-23,^GSPC,4788.3782,0,True
2026-03-24,^GSPC,4766.8068,0,True
2026-03-25,^GSPC,4747.1756,0,True
2026-03-26,^GSPC,4734.3728,0,True
2026-03-27,^GSPC,4770.1617,0,True
2026-03-30,^GSPC,4734.6393,0,True
2026-03-31,^GSPC,4700.1323,0,True
2026-04-01,^GSPC,4718.7227,0,True
2026-04-02,^GSPC,4693.8398,0,True
2026-04-03,^GSPC,4691.4238,0,True
2026-04-06,^GSPC,4698.2532,0,True
2026-04-07,^GSPC,4700.7482,0,True
2026-04-08,^GSPC,4681.5582,0,True
2026-04-09,^GSPC,4708.7843,0,True
2026-04-10,^GSPC,4752.2238,0,True
2026-04-13,^GSPC,4726.5375,0,True
2026-04-14,^GSPC,4721.1104,0,True
2026-04-15,^GSPC,4749.1487,0,True
2026-04-16,^GSPC,4745.4735,0,True
2026-04-17,^GSPC,4719.9071,0,True
2026-04-20,^GSPC,4710.145,0,True
2026-04-21,^GSPC,4735.1223,0,True
2026-04-22,^GSPC,4709.7554,0,True
2026-04-23,^GSPC,4718.7962,0,True
2026-04-24,^GSPC,4731.3791,0,True
2026-04-27,^GSPC,4715.4753,0,True
2026-04-28,^GSPC,4733.1072,0,True
2026-04-29,^GSPC,4753.6189,0,True
2026-04-30,^GSPC,4783.4422,0,True
2026-05-01,^GSPC,4811.621,0,True
2026-05-04,^GSPC,4772.0588,0,True
2026-05-05,^GSPC,4799.1078,0,True
2026-05-06,^GSPC,4817.5253,0,True
2026-05-07,^GSPC,4847.164,0,True
2026-05-08,^GSPC,4825.3071,0,True
2026-05-11,^GSPC,4852.9203,0,True
2026-05-12,^GSPC,4865.5795,0,True
2026-05-13,^GSPC,4834.9538,0,True
2026-05-14,^GSPC,4873.0887,0,True
2026-05-15,^GSPC,4853.1239,0,True
2026-05-18,^GSPC,4826.624,0,True
2026-05-19,^GSPC,4839.937,0,True
2026-05-20,^GSPC,4825.0454,0,True
2026-05-21,^GSPC,4837.3416,0,True
2026-05-22,^GSPC,4832.5612,0,True
2026-05-25,^GSPC,4842.6711,0,True
2026-05-26,^GSPC,4867.8931,0,True
2026-05-27,^GSPC,4869.1118,0,True
2026-05-28,^GSPC,4895.9962,0,True
2026-05-29,^GSPC,4922.4177,0,True
2026-06-01,^GSPC,4900.665,0,True
2026-06-02,^GSPC,4927.3438,0,True
2026-06-03,^GSPC,4947.3374,0,True
2026-06-04,^GSPC,4953.4416,0,True
2026-06-05,^GSPC,4988.0378,0,True
2026-06-08,^GSPC,5038.6241,0,True
2026-06-09,^GSPC,5063.2635,0,True
2026-06-10,^GSPC,5022.4834,0,True
2026-06-11,^GSPC,5037.8075,0,True
2026-06-12,^GSPC,5036.2616,0,True
2026-06-15,^GSPC,5030.702,0,True
2026-06-16,^GSPC,5043.1406,0,True
2026-06-17,^GSPC,5035.8958,0,True
2026-06-18,^GSPC,5086.3072,0,True
2026-06-19,^GSPC,5096.8548,0,True
2026-06-22,^GSPC,5099.82,0,True
2026-06-23,^GSPC,5125.5498,0,True
2026-06-24,^GSPC,5131.1546,0,True
2026-06-25,^GSPC,5148.1991,0,True
2026-06-26,^GSPC,5148.8426,0,True
2026-06-29,^GSPC,5129.4834,0,True
2026-06-30,^GSPC,5115.3068,0,True
2024-11-20,^NDX,3935.9996,0,True
2024-11-21,^NDX,3893.8341,0,True
2024-11-22,^NDX,3927.7484,0,True
2024-11-25,^NDX,3920.2134,0,True
2024-11-26,^NDX,3978.1559,0,True
2024-11-27,^NDX,4036.6238,0,True
2024-11-28,^NDX,4000.1021,0,True
2024-11-29,^NDX,4012.217,0,True
2024-12-02,^NDX,4105.6105,0,True
2024-12-03,^NDX,4083.1584,0,True
2024-12-04,^NDX,4098.2283,0,True
2024-12-05,^NDX,4093.4767,0,True
2024-12-06,^NDX,4088.3836,0,True
2024-12-09,^NDX,4082.1041,0,True
2024-12-10,^NDX,4084.1113,0,True
2024-12-11,^NDX,4110.9158,0,True
2024-12-12,^NDX,4087.9354,0,True
2024-12-13,^NDX,4106.5487,0,True
2024-12-16,^NDX,4086.696,0,True
2024-12-17,^NDX,4105.9286,0,True
2024-12-18,^NDX,4118.6157,0,True
2024-12-19,^NDX,4096.4473,0,True
2024-12-20,^NDX,4103.506,0,True
2024-12-23,^NDX,4082.7543,0,True
2024-12-24,^NDX,4058.6363,0,True
2024-12-25,^NDX,4098.1955,0,True
2024-12-26,^NDX,4043.2919,0,True
2024-12-27,^NDX,4063.4288,0,True
2024-12-30,^NDX,4088.3579,0,True
2024-12-31,^NDX,4072.1844,0,True
2025-01-01,^NDX,4109.3328,0,True
2025-01-02,^NDX,4141.0502,0,True
2025-01-03,^NDX,4102.2562,0,True
2025-01-06,^NDX,4121.6119,0,True
2025-01-07,^NDX,4139.2158,0,True
2025-01-08,^NDX,4118.2155,0,True
2025-01-09,^NDX,4139.286,0,True
2025-01-10,^NDX,4166.099,0,True
2025-01-13,^NDX,4145.5132,0,True
2025-01-14,^NDX,4084.4783,0,True
2025-01-15,^NDX,4099.843,0,True
2025-01-16,^NDX,4078.9024,0,True
2025-01-17,^NDX,4027.4033,0,True
2025-01-20,^NDX,4017.9763,0,True
2025-01-21,^NDX,3946.8896,0,True
2025-01-22,^NDX,3939.0405,0,True
2025-01-23,^NDX,3987.7441,0,True
2025-01-24,^NDX,3902.9591,0,True
2025-01-27,^NDX,3919.3661,0,True
2025-01-28,^NDX,3893.833,0,True
2025-01-29,^NDX,3883.867,0,True
2025-01-30,^NDX,3858.9156,0,True
2025-01-31,^NDX,3880.5108,0,True
2025-02-03,^NDX,3882.6607,0,True
2025-02-04,^NDX,3861.6144,0,True
2025-02-05,^NDX,3824.9847,0,True
2025-02-06,^NDX,3814.7373,0,True
2025-02-07,^NDX,3851.4999,0,True
2025-02-10,^NDX,3817.7642,0,True
2025-02-11,^NDX,3832.5805,0,True
2025-02-12,^NDX,3845.1231,0,True
2025-02-13,^NDX,3788.2166,0,True
2025-02-14,^NDX,3823.3003,0,True
2025-02-17,^NDX,3824.5421,0,True
2025-02-18,^NDX,3893.9967,0,True
2025-02-19,^NDX,3949.5399,0,True
2025-02-20,^NDX,3944.3929,0,True
2025-02-21,^NDX,3942.1669,0,True
2025-02-24,^NDX,3913.9111,0,True
2025-02-25,^NDX,3874.7264,0,True
2025-02-26,^NDX,3901.3178,0,True
2025-02-27,^NDX,3896.1662,0,True
2025-02-28,^NDX,3886.439,0,True
2025-03-03,^NDX,3883.7437,0,True
2025-03-04,^NDX,3906.8954,0,True
2025-03-05,^NDX,3938.2213,0,True
2025-03-06,^NDX,3940.7707,0,True
2025-03-07,^NDX,3937.3352,0,True
2025-03-10,^NDX,3943.0336,0,True
2025-03-11,^NDX,4009.8451,0,True
2025-03-12,^NDX,3947.9017,0,True
2025-03-13,^NDX,3914.8809,0,True
2025-03-14,^NDX,3931.9664,0,True
2025-03-17,^NDX,3939.0438,0,True
2025-03-18,^NDX,3979.6561,0,True
2025-03-19,^NDX,4023.2848,0,True
2025-03-20,^NDX,4088.6813,0,True
2025-03-21,^NDX,4065.8773,0,True
2025-03-24,^NDX,4088.1132,0,True
2025-03-25,^NDX,4083.2234,0,True
2025-03-26,^NDX,4117.0706,0,True
2025-03-27,^NDX,4125.7925,0,True
2025-03-28,^NDX,4157.2308,0,True
2025-03-31,^NDX,4135.9269,0,True
2025-04-01,^NDX,4144.034,0,True
2025-04-02,^NDX,4130.1856,0,True
2025-04-03,^NDX,4124.5281,0,True
2025-04-04,^NDX,4112.6637,0,True
2025-04-07,^NDX,4082.3874,0,True
2025-04-08,^NDX,4121.0092,0,True
2025-04-09,^NDX,4133.3644,0,True
2025-04-10,^NDX,4171.6978,0,True
2025-04-11,^NDX,4142.1358,0,True
2025-04-14,^NDX,4082.004,0,True
2025-04-15,^NDX,4064.1678,0,True
2025-04-16,^NDX,4062.1286,0,True
2025-04-17,^NDX,4090.1773,0,True
2025-04-18,^NDX,4127.0324,0,True
2025-04-21,^NDX,4169.5772,0,True
2025-04-22,^NDX,4223.0766,0,True
2025-04-23,^NDX,4250.2231,0,True
2025-04-24,^NDX,4256.9056,0,True
2025-04-25,^NDX,4234.4373,0,True
2025-04-28,^NDX,4260.2558,0,True
2025-04-29,^NDX,4246.5074,0,True
2025-04-30,^NDX,4222.7524,0,True
2025-05-01,^NDX,4245.1928,0,True
2025-05-02,^NDX,4255.4937,0,True
2025-05-05,^NDX,4287.1618,0,True
2025-05-06,^NDX,4266.117,0,True
2025-05-07,^NDX,4308.5188,0,True
2025-05-08,^NDX,4323.7212,0,True
2025-05-09,^NDX,4321.0291,0,True
2025-05-12,^NDX,4298.4427,0,True
2025-05-13,^NDX,4265.2472,0,True
2025-05-14,^NDX,4222.7707,0,True
2025-05-15,^NDX,4272.4611,0,True
2025-05-16,^NDX,4228.1222,0,True
2025-05-19,^NDX,4252.1194,0,True
2025-05-20,^NDX,4246.8647,0,True
2025-05-21,^NDX,4230.6906,0,True
2025-05-22,^NDX,4217.9701,0,True
2025-05-23,^NDX,4217.7397,0,True
2025-05-26,^NDX,4250.7984,0,True
2025-05-27,^NDX,4272.6488,0,True
2025-05-28,^NDX,4275.6123,0,True
2025-05-29,^NDX,4232.8175,0,True
2025-05-30,^NDX,4176.9864,0,True
2025-06-02,^NDX,4241.6598,0,True
2025-06-03,^NDX,4211.1943,0,True
2025-06-04,^NDX,4162.5486,0,True
2025-06-05,^NDX,4202.3626,0,True
2025-06-06,^NDX,4156.0918,0,True
2025-06-09,^NDX,4183.316,0,True
2025-06-10,^NDX,4216.9774,0,True
2025-06-11,^NDX,4228.1706,0,True
2025-06-12,^NDX,4263.2696,0,True
2025-06-13,^NDX,4219.8909,0,True
2025-06-16,^NDX,4182.4585,0,True
2025-06-17,^NDX,4179.0099,0,True
2025-06-18,^NDX,4181.8088,0,True
2025-06-19,^NDX,4181.9281,0,True
2025-06-20,^NDX,4200.1486,0,True
2025-06-23,^NDX,4178.7808,0,True
2025-06-24,^NDX,4112.2561,0,True
2025-06-25,^NDX,4128.21,0,True
2025-06-26,^NDX,4123.6626,0,True
2025-06-27,^NDX,4152.9444,0,True
2025-06-30,^NDX,4224.2173,0,True
2025-07-01,^NDX,4229.7696,0,True
2025-07-02,^NDX,4252.0297,0,True
2025-07-03,^NDX,4225.117,0,True
2025-07-04,^NDX,4258.2599,0,True
2025-07-07,^NDX,4272.5579,0,True
2025-07-08,^NDX,4283.835,0,True
2025-07-09,^NDX,4317.6555,0,True
2025-07-10,^NDX,4282.361,0,True
2025-07-11,^NDX,4304.2717,0,True
2025-07-14,^NDX,4322.6857,0,True
2025-07-15,^NDX,4379.948,0,True
2025-07-16,^NDX,4321.1747,0,True
2025-07-17,^NDX,4321.0497,0,True
2025-07-18,^NDX,4399.05,0,True
2025-07-21,^NDX,4387.9377,0,True
2025-07-22,^NDX,4375.8398,0,True
2025-07-23,^NDX,4440.5521,0,True
2025-07-24,^NDX,4531.873,0,True
2025-07-25,^NDX,4539.0365,0,True
2025-07-28,^NDX,4516.6834,0,True
2025-07-29,^NDX,4498.6989,0,True
2025-07-30,^NDX,4487.7356,0,True
2025-07-31,^NDX,4461.0459,0,True
2025-08-01,^NDX,4435.7669,0,True
2025-08-04,^NDX,4444.7978,0,True
2025-08-05,^NDX,4449.1184,0,True
2025-08-06,^NDX,4468.8017,0,True
2025-08-07,^NDX,4472.7051,0,True
2025-08-08,^NDX,4433.3548,0,True
2025-08-11,^NDX,4462.1021,0,True
2025-08-12,^NDX,4473.6989,0,True
2025-08-13,^NDX,4456.2111,0,True
2025-08-14,^NDX,4449.6668,0,True
2025-08-15,^NDX,4463.8508,0,True
2025-08-18,^NDX,4469.5398,0,True
2025-08-19,^NDX,4467.9446,0,True
2025-08-20,^NDX,4497.8594,0,True
2025-08-21,^NDX,4538.5911,0,True
2025-08-22,^NDX,4530.3727,0,True
2025-08-25,^NDX,4532.6038,0,True
2025-08-26,^NDX,4496.2724,0,True
2025-08-27,^NDX,4493.2527,0,True
2025-08-28,^NDX,4513.0416,0,True
2025-08-29,^NDX,4546.7662,0,True
2025-09-01,^NDX,4555.7236,0,True
2025-09-02,^NDX,4555.5662,0,True
2025-09-03,^NDX,4532.9853,0,True
2025-09-04,^NDX,4543.6455,0,True
2025-09-05,^NDX,4507.8239,0,True
2025-09-08,^NDX,4515.2804,0,True
2025-09-09,^NDX,4518.9303,0,True
2025-09-10,^NDX,4489.8258,0,True
2025-09-11,^NDX,4504.3389,0,True
2025-09-12,^NDX,4499.7184,0,True
2025-09-15,^NDX,4523.8994,0,True
2025-09-16,^NDX,4509.6715,0,True
2025-09-17,^NDX,4529.7112,0,True
2025-09-18,^NDX,4588.5492,0,True
2025-09-19,^NDX,4597.9725,0,True
2025-09-22,^NDX,4629.5078,0,True
2025-09-23,^NDX,4609.2536,0,True
2025-09-24,^NDX,4599.4622,0,True
2025-09-25,^NDX,4534.7888,0,True
2025-09-26,^NDX,4532.3187,0,True
2025-09-29,^NDX,4495.2172,0,True
2025-09-30,^NDX,4502.1134,0,True
2025-10-01,^NDX,4432.7373,0,True
2025-10-02,^NDX,4405.6941,0,True
2025-10-03,^NDX,4411.3529,0,True
2025-10-06,^NDX,4427.6974,0,True
2025-10-07,^NDX,4373.3519,0,True
2025-10-08,^NDX,4361.9188,0,True
2025-10-09,^NDX,4453.2543,0,True
2025-10-10,^NDX,4483.7027,0,True
2025-10-13,^NDX,4492.1731,0,True
2025-10-14,^NDX,4398.9707,0,True
2025-10-15,^NDX,4370.0745,0,True
2025-10-16,^NDX,4390.6709,0,True
2025-10-17,^NDX,4401.531,0,True
2025-10-20,^NDX,4420.003,0,True
2025-10-21,^NDX,4456.0992,0,True
2025-10-22,^NDX,4462.2948,0,True
2025-10-23,^NDX,4494.9572,0,True
2025-10-24,^NDX,4435.0254,0,True
2025-10-27,^NDX,4525.6237,0,True
2025-10-28,^NDX,4517.8617,0,True
2025-10-29,^NDX,4497.8082,0,True
2025-10-30,^NDX,4553.817,0,True
2025-10-31,^NDX,4578.2538,0,True
2025-11-03,^NDX,4616.1025,0,True
2025-11-04,^NDX,4596.6011,0,True
2025-11-05,^NDX,4609.5757,0,True
2025-11-06,^NDX,4638.1481,0,True
2025-11-07,^NDX,4599.795,0,True
2025-11-10,^NDX,4594.7306,0,True
2025-11-11,^NDX,4588.74,0,True
2025-11-12,^NDX,4581.0508,0,True
2025-11-13,^NDX,4558.7229,0,True
2025-11-14,^NDX,4516.6783,0,True
2025-11-17,^NDX,4534.6423,0,True
2025-11-18,^NDX,4546.0292,0,True
2025-11-19,^NDX,4590.0701,0,True
2025-11-20,^NDX,4590.337,0,True
2025-11-21,^NDX,4569.0039,0,True
2025-11-24,^NDX,4520.1159,0,True
2025-11-25,^NDX,4525.8013,0,True
2025-11-26,^NDX,4517.4678,0,True
2025-11-27,^NDX,4591.9512,0,True
2025-11-28,^NDX,4677.8741,0,True
2025-12-01,^NDX,4738.7906,0,True
2025-12-02,^NDX,4708.1302,0,True
2025-12-03,^NDX,4659.6762,0,True
2025-12-04,^NDX,4653.8285,0,True
2025-12-05,^NDX,4624.0664,0,True
2025-12-08,^NDX,4678.52,0,True
2025-12-09,^NDX,4685.5121,0,True
2025-12-10,^NDX,4673.3457,0,True
2025-12-11,^NDX,4675.543,0,True
2025-12-12,^NDX,4724.494,0,True
2025-12-15,^NDX,4692.424,0,True
2025-12-16,^NDX,4713.0946,0,True
2025-12-17,^NDX,4667.2146,0,True
2025-12-18,^NDX,4662.3339,0,True
2025-12-19,^NDX,4640.9582,0,True
2025-12-22,^NDX,4655.0932,0,True
2025-12-23,^NDX,4663.416,0,True
2025-12-24,^NDX,4710.0779,0,True
2025-12-25,^NDX,4738.18,0,True
2025-12-26,^NDX,4718.5027,0,True
2025-12-29,^NDX,4672.5235,0,True
2025-12-30,^NDX,4645.4614,0,True
2025-12-31,^NDX,4632.5682,0,True
2026-01-01,^NDX,4626.89,0,True
2026-01-02,^NDX,4602.0787,0,True
2026-01-05,^NDX,4643.8293,0,True
2026-01-06,^NDX,4680.52,0,True
2026-01-07,^NDX,4673.2158,0,True
2026-01-08,^NDX,4657.7283,0,True
2026-01-09,^NDX,4651.6816,0,True
2026-01-12,^NDX,4652.6736,0,True
2026-01-13,^NDX,4654.442,0,True
2026-01-14,^NDX,4598.4253,0,True
2026-01-15,^NDX,4585.5005,0,True
2026-01-16,^NDX,4521.1782,0,True
2026-01-19,^NDX,4524.9366,0,True
2026-01-20,^NDX,4551.443,0,True
2026-01-21,^NDX,4516.2318,0,True
2026-01-22,^NDX,4524.5666,0,True
2026-01-23,^NDX,4505.3827,0,True
2026-01-26,^NDX,4483.3789,0,True
2026-01-27,^NDX,4555.3355,0,True
2026-01-28,^NDX,4589.7311,0,True
2026-01-29,^NDX,4609.681,0,True
2026-01-30,^NDX,4596.5406,0,True
2026-02-02,^NDX,4613.8803,0,True
2026-02-03,^NDX,4609.4681,0,True
2026-02-04,^NDX,4628.4236,0,True
2026-02-05,^NDX,4598.4664,0,True
2026-02-06,^NDX,4598.3966,0,True
2026-02-09,^NDX,4586.6986,0,True
2026-02-10,^NDX,4538.6774,0,True
2026-02-11,^NDX,4601.6632,0,True
2026-02-12,^NDX,4633.6881,0,True
2026-02-13,^NDX,4607.5997,0,True
2026-02-16,^NDX,4557.3875,0,True
2026-02-17,^NDX,4533.9901,0,True
2026-02-18,^NDX,4506.7558,0,True
2026-02-19,^NDX,4487.727,0,True
2026-02-20,^NDX,4437.262,0,True
2026-02-23,^NDX,4410.9064,0,True
2026-02-24,^NDX,4415.4484,0,True
2026-02-25,^NDX,4432.1021,0,True
2026-02-26,^NDX,4366.1824,0,True
2026-02-27,^NDX,4368.4377,0,True
2026-03-02,^NDX,4337.0458,0,True
2026-03-03,^NDX,4304.0291,0,True
2026-03-04,^NDX,4295.5363,0,True
2026-03-05,^NDX,4274.7366,0,True
2026-03-06,^NDX,4300.4714,0,True
2026-03-09,^NDX,4326.4619,0,True
2026-03-10,^NDX,4318.3868,0,True
2026-03-11,^NDX,4298.8644,0,True
2026-03-12,^NDX,4361.9989,0,True
2026-03-13,^NDX,4428.7443,0,True
2026-03-16,^NDX,4444.546,0,True
2026-03-17,^NDX,4441.5205,0,True
2026-03-18,^NDX,4479.1707,0,True
2026-03-19,^NDX,4532.8591,0,True
2026-03-20,^NDX,4516.5396,0,True
2026-03-23,^NDX,4583.4997,0,True
2026-03-24,^NDX,4580.1863,0,True
2026-03-25,^NDX,4622.1035,0,True
2026-03-26,^NDX,4605.8249,0,True
2026-03-27,^NDX,4610.6851,0,True
2026-03-30,^NDX,4596.6367,0,True
2026-03-31,^NDX,4599.9944,0,True
2026-04-01,^NDX,4639.4264,0,True
2026-04-02,^NDX,4609.176,0,True
2026-04-03,^NDX,4600.7646,0,True
2026-04-06,^NDX,4622.9477,0,True
2026-04-07,^NDX,4608.3866,0,True
2026-04-08,^NDX,4685.3212,0,True
2026-04-09,^NDX,4634.0034,0,True
2026-04-10,^NDX,4730.0886,0,True
2026-04-13,^NDX,4708.0443,0,True
2026-04-14,^NDX,4746.8131,0,True
2026-04-15,^NDX,4810.2153,0,True
2026-04-16,^NDX,4832.9962,0,True
2026-04-17,^NDX,4782.0047,0,True
2026-04-20,^NDX,4771.8957,0,True
2026-04-21,^NDX,4776.9757,0,True
2026-04-22,^NDX,4800.8756,0,True
2026-04-23,^NDX,4840.8293,0,True
2026-04-24,^NDX,4886.5904,0,True
2026-04-27,^NDX,4946.4011,0,True
2026-04-28,^NDX,4911.8794,0,True
2026-04-29,^NDX,4953.1336,0,True
2026-04-30,^NDX,4887.858,0,True
2026-05-01,^NDX,4896.1395,0,True
2026-05-04,^NDX,4857.3906,0,True
2026-05-05,^NDX,4791.8942,0,True
2026-05-06,^NDX,4829.3592,0,True
2026-05-07,^NDX,4830.7014,0,True
2026-05-08,^NDX,4871.2309,0,True
2026-05-11,^NDX,4813.0206,0,True
2026-05-12,^NDX,4769.2539,0,True
2026-05-13,^NDX,4767.9503,0,True
2026-05-14,^NDX,4745.3033,0,True
2026-05-15,^NDX,4750.4299,0,True
2026-05-18,^NDX,4729.4513,0,True
2026-05-19,^NDX,4719.1529,0,True
2026-05-20,^NDX,4678.9717,0,True
2026-05-21,^NDX,4729.2327,0,True
2026-05-22,^NDX,4719.6982,0,True
2026-05-25,^NDX,4678.0848,0,True
2026-05-26,^NDX,4705.7955,0,True
2026-05-27,^NDX,4726.3066,0,True
2026-05-28,^NDX,4736.8646,0,True
2026-05-29,^NDX,4747.6938,0,True
2026-06-01,^NDX,4735.286,0,True
2026-06-02,^NDX,4732.7889,0,True
2026-06-03,^NDX,4652.772,0,True
2026-06-04,^NDX,4597.9862,0,True
2026-06-05,^NDX,4555.6505,0,True
2026-06-08,^NDX,4568.3519,0,True
2026-06-09,^NDX,4615.2218,0,True
2026-06-10,^NDX,4611.5579,0,True
2026-06-11,^NDX,4604.1389,0,True
2026-06-12,^NDX,4647.9074,0,True
2026-06-15,^NDX,4636.8715,0,True
2026-06-16,^NDX,4663.456,0,True
2026-06-17,^NDX,4681.8552,0,True
2026-06-18,^NDX,4635.1312,0,True
2026-06-19,^NDX,4649.1205,0,True
2026-06-22,^NDX,4659.0823,0,True
2026-06-23,^NDX,4619.123,0,True
2026-06-24,^NDX,4557.6757,0,True
2026-06-25,^NDX,4488.518,0,True
2026-06-26,^NDX,4514.3249,0,True
2026-06-29,^NDX,4567.0604,0,True
2026-06-30,^NDX,4569.1188,0,True
